const unsigned char pixel_font[] = {
	0x44, 0x61, 0x74, 0x61, 0x00, 0x7f, 0x00, 0x00, 0x00, 0x00, 0x00, 0x00, 0x00, 0x00, 0x00, 0x00,
	0x00, 0x00, 0x00, 0x00, 0x18, 0x00, 0x00, 0x00, 0x00, 0x00, 0x00, 0x00, 0xff, 0x7f, 0x00, 0x00,
	0x02, 0x00, 0x00, 0x00, 0x28, 0x00, 0x00, 0x00, 0x00, 0x00, 0x00, 0x00, 0x00, 0x00, 0x00, 0x00,
	0x03, 0x00, 0x00, 0x00, 0x48, 0x00, 0x00, 0x00, 0x01, 0x00, 0x00, 0x00, 0x00, 0x00, 0x00, 0x00,
	0x7c, 0x00, 0x00, 0x00, 0x00, 0x48, 0x00, 0x00, 0x02, 0x00, 0x00, 0x00, 0x55, 0x55, 0x00, 0x00,
	0x48, 0x00, 0x00, 0x00, 0x00, 0x00, 0x00, 0x00, 0x02, 0x00, 0x00, 0x00, 0x55, 0x55, 0x00, 0x00,
	0x40, 0x00, 0x00, 0x00, 0x00, 0x00, 0x00, 0x00, 0x01, 0x00, 0x00, 0x00, 0x55, 0x55, 0x00, 0x00,
	0x78, 0x00, 0x00, 0x00, 0x04, 0x00, 0x00, 0x00, 0x2b, 0x00, 0x00, 0x00, 0xff, 0xff, 0xff, 0x00,
	0xff, 0xff, 0xff, 0x00, 0xff, 0xff, 0xff, 0x00, 0xff, 0xff, 0xff, 0x00, 0xff, 0xff, 0xff, 0x00,
	0xff, 0xff, 0xff, 0x00, 0xff, 0xff, 0xff, 0x00, 0xff, 0xff, 0xff, 0x00, 0xff, 0xff, 0xff, 0xff,
	0xff, 0xff, 0xff, 0x00, 0xff, 0xff, 0xff, 0x00, 0xff, 0xff, 0xff, 0x00, 0xff, 0xff, 0xff, 0xff,
	0xff, 0xff, 0xff, 0xff, 0xff, 0xff, 0xff, 0x00, 0xff, 0xff, 0xff, 0xff, 0xff, 0xff, 0xff, 0xff,
	0xff, 0xff, 0xff, 0x00, 0xff, 0xff, 0xff, 0x00, 0xff, 0xff, 0xff, 0xff, 0xff, 0xff, 0xff, 0x00,
	0xff, 0xff, 0xff, 0xff, 0xff, 0xff, 0xff, 0x00, 0xff, 0xff, 0xff, 0x00, 0xff, 0xff, 0xff, 0x00,
	0xff, 0xff, 0xff, 0x00, 0xff, 0xff, 0xff, 0xff, 0xff, 0xff, 0xff, 0x00, 0xff, 0xff, 0xff, 0x00,
	0xff, 0xff, 0xff, 0x00, 0xff, 0xff, 0xff, 0xff, 0xff, 0xff, 0xff, 0xff, 0xff, 0xff, 0xff, 0x00,
	0xff, 0xff, 0xff, 0x00, 0xff, 0xff, 0xff, 0xff, 0xff, 0xff, 0xff, 0x00, 0xff, 0xff, 0xff, 0x00,
	0xff, 0xff, 0xff, 0xff, 0xff, 0xff, 0xff, 0xff, 0xff, 0xff, 0xff, 0xff, 0xff, 0xff, 0xff, 0x00,
	0xff, 0xff, 0xff, 0x00, 0xff, 0xff, 0xff, 0x00, 0xff, 0xff, 0xff, 0xff, 0xff, 0xff, 0xff, 0xff,
	0xff, 0xff, 0xff, 0x00, 0xff, 0xff, 0xff, 0x00, 0xff, 0xff, 0xff, 0x00, 0xff, 0xff, 0xff, 0x00,
	0xff, 0xff, 0xff, 0x00, 0xff, 0xff, 0xff, 0xff, 0xff, 0xff, 0xff, 0x00, 0xff, 0xff, 0xff, 0x00,
	0xff, 0xff, 0xff, 0x00, 0xff, 0xff, 0xff, 0x00, 0xff, 0xff, 0xff, 0x00, 0xff, 0xff, 0xff, 0xff,
	0xff, 0xff, 0xff, 0x00, 0xff, 0xff, 0xff, 0x00, 0xff, 0xff, 0xff, 0x00, 0xff, 0xff, 0xff, 0x00,
	0xff, 0xff, 0xff, 0x00, 0xff, 0xff, 0xff, 0x00, 0xff, 0xff, 0xff, 0x00, 0xff, 0xff, 0xff, 0x00,
	0xff, 0xff, 0xff, 0x00, 0xff, 0xff, 0xff, 0x00, 0xff, 0xff, 0xff, 0x00, 0xff, 0xff, 0xff, 0x00,
	0xff, 0xff, 0xff, 0x00, 0xff, 0xff, 0xff, 0x00, 0x00, 0x00, 0x00, 0x00, 0xff, 0xff, 0xff, 0x00,
	0xff, 0xff, 0xff, 0x00, 0xff, 0xff, 0xff, 0x00, 0xff, 0xff, 0xff, 0x00, 0xff, 0xff, 0xff, 0x00,
	0xff, 0xff, 0xff, 0x00, 0xff, 0xff, 0xff, 0x00, 0xff, 0xff, 0xff, 0x00, 0xff, 0xff, 0xff, 0xff,
	0xff, 0xff, 0xff, 0x00, 0xff, 0xff, 0xff, 0x00, 0xff, 0xff, 0xff, 0x00, 0xff, 0xff, 0xff, 0xff,
	0xff, 0xff, 0xff, 0x00, 0xff, 0xff, 0xff, 0x00, 0xff, 0xff, 0xff, 0xff, 0xff, 0xff, 0xff, 0x00,
	0xff, 0xff, 0xff, 0x00, 0xff, 0xff, 0xff, 0x00, 0xff, 0xff, 0xff, 0xff, 0xff, 0xff, 0xff, 0x00,
	0xff, 0xff, 0xff, 0xff, 0xff, 0xff, 0xff, 0x00, 0xff, 0xff, 0xff, 0x00, 0xff, 0xff, 0xff, 0x00,
	0xff, 0xff, 0xff, 0xff, 0xff, 0xff, 0xff, 0xff, 0xff, 0xff, 0xff, 0xff, 0xff, 0xff, 0xff, 0xff,
	0xff, 0xff, 0xff, 0x00, 0xff, 0xff, 0xff, 0xff, 0xff, 0xff, 0xff, 0xff, 0xff, 0xff, 0xff, 0x00,
	0xff, 0xff, 0xff, 0xff, 0xff, 0xff, 0xff, 0x00, 0xff, 0xff, 0xff, 0x00, 0xff, 0xff, 0xff, 0xff,
	0xff, 0xff, 0xff, 0x00, 0xff, 0xff, 0xff, 0x00, 0xff, 0xff, 0xff, 0x00, 0xff, 0xff, 0xff, 0x00,
	0xff, 0xff, 0xff, 0x00, 0xff, 0xff, 0xff, 0x00, 0xff, 0xff, 0xff, 0xff, 0xff, 0xff, 0xff, 0x00,
	0xff, 0xff, 0xff, 0x00, 0xff, 0xff, 0xff, 0x00, 0xff, 0xff, 0xff, 0x00, 0xff, 0xff, 0xff, 0x00,
	0xff, 0xff, 0xff, 0xff, 0xff, 0xff, 0xff, 0x00, 0xff, 0xff, 0xff, 0x00, 0xff, 0xff, 0xff, 0x00,
	0xff, 0xff, 0xff, 0x00, 0xff, 0xff, 0xff, 0x00, 0xff, 0xff, 0xff, 0x00, 0xff, 0xff, 0xff, 0x00,
	0xff, 0xff, 0xff, 0xff, 0xff, 0xff, 0xff, 0x00, 0xff, 0xff, 0xff, 0x00, 0xff, 0xff, 0xff, 0x00,
	0xff, 0xff, 0xff, 0x00, 0xff, 0xff, 0xff, 0xff, 0xff, 0xff, 0xff, 0x00, 0xff, 0xff, 0xff, 0x00,
	0xff, 0xff, 0xff, 0x00, 0xff, 0xff, 0xff, 0x00, 0xff, 0xff, 0xff, 0x00, 0xff, 0xff, 0xff, 0xff,
	0xff, 0xff, 0xff, 0x00, 0xff, 0xff, 0xff, 0x00, 0x00, 0x00, 0x00, 0x00, 0xff, 0xff, 0xff, 0x00,
	0xff, 0xff, 0xff, 0x00, 0xff, 0xff, 0xff, 0x00, 0xff, 0xff, 0xff, 0x00, 0xff, 0xff, 0xff, 0x00,
	0xff, 0xff, 0xff, 0x00, 0xff, 0xff, 0xff, 0x00, 0xff, 0xff, 0xff, 0x00, 0xff, 0xff, 0xff, 0xff,
	0xff, 0xff, 0xff, 0x00, 0xff, 0xff, 0xff, 0x00, 0xff, 0xff, 0xff, 0x00, 0xff, 0xff, 0xff, 0xff,
	0xff, 0xff, 0xff, 0x00, 0xff, 0xff, 0xff, 0x00, 0xff, 0xff, 0xff, 0xff, 0xff, 0xff, 0xff, 0x00,
	0xff, 0xff, 0xff, 0x00, 0xff, 0xff, 0xff, 0xff, 0xff, 0xff, 0xff, 0xff, 0xff, 0xff, 0xff, 0xff,
	0xff, 0xff, 0xff, 0xff, 0xff, 0xff, 0xff, 0xff, 0xff, 0xff, 0xff, 0x00, 0xff, 0xff, 0xff, 0xff,
	0xff, 0xff, 0xff, 0x00, 0xff, 0xff, 0xff, 0x00, 0xff, 0xff, 0xff, 0x00, 0xff, 0xff, 0xff, 0x00,
	0xff, 0xff, 0xff, 0x00, 0xff, 0xff, 0xff, 0x00, 0xff, 0xff, 0xff, 0x00, 0xff, 0xff, 0xff, 0x00,
	0xff, 0xff, 0xff, 0xff, 0xff, 0xff, 0xff, 0x00, 0xff, 0xff, 0xff, 0x00, 0xff, 0xff, 0xff, 0xff,
	0xff, 0xff, 0xff, 0x00, 0xff, 0xff, 0xff, 0x00, 0xff, 0xff, 0xff, 0x00, 0xff, 0xff, 0xff, 0x00,
	0xff, 0xff, 0xff, 0x00, 0xff, 0xff, 0xff, 0x00, 0xff, 0xff, 0xff, 0xff, 0xff, 0xff, 0xff, 0x00,
	0xff, 0xff, 0xff, 0x00, 0xff, 0xff, 0xff, 0x00, 0xff, 0xff, 0xff, 0x00, 0xff, 0xff, 0xff, 0x00,
	0xff, 0xff, 0xff, 0xff, 0xff, 0xff, 0xff, 0x00, 0xff, 0xff, 0xff, 0x00, 0xff, 0xff, 0xff, 0x00,
	0xff, 0xff, 0xff, 0x00, 0xff, 0xff, 0xff, 0x00, 0xff, 0xff, 0xff, 0x00, 0xff, 0xff, 0xff, 0x00,
	0xff, 0xff, 0xff, 0xff, 0xff, 0xff, 0xff, 0x00, 0xff, 0xff, 0xff, 0x00, 0xff, 0xff, 0xff, 0xff,
	0xff, 0xff, 0xff, 0xff, 0xff, 0xff, 0xff, 0xff, 0xff, 0xff, 0xff, 0xff, 0xff, 0xff, 0xff, 0xff,
	0xff, 0xff, 0xff, 0x00, 0xff, 0xff, 0xff, 0x00, 0xff, 0xff, 0xff, 0x00, 0xff, 0xff, 0xff, 0xff,
	0xff, 0xff, 0xff, 0x00, 0xff, 0xff, 0xff, 0x00, 0x00, 0x00, 0x00, 0x00, 0xff, 0xff, 0xff, 0x00,
	0xff, 0xff, 0xff, 0x00, 0xff, 0xff, 0xff, 0x00, 0xff, 0xff, 0xff, 0x00, 0xff, 0xff, 0xff, 0x00,
	0xff, 0xff, 0xff, 0x00, 0xff, 0xff, 0xff, 0x00, 0xff, 0xff, 0xff, 0x00, 0xff, 0xff, 0xff, 0xff,
	0xff, 0xff, 0xff, 0x00, 0xff, 0xff, 0xff, 0x00, 0xff, 0xff, 0xff, 0x00, 0xff, 0xff, 0xff, 0x00,
	0xff, 0xff, 0xff, 0x00, 0xff, 0xff, 0xff, 0x00, 0xff, 0xff, 0xff, 0x00, 0xff, 0xff, 0xff, 0x00,
	0xff, 0xff, 0xff, 0x00, 0xff, 0xff, 0xff, 0x00, 0xff, 0xff, 0xff, 0xff, 0xff, 0xff, 0xff, 0x00,
	0xff, 0xff, 0xff, 0xff, 0xff, 0xff, 0xff, 0x00, 0xff, 0xff, 0xff, 0x00, 0xff, 0xff, 0xff, 0x00,
	0xff, 0xff, 0xff, 0xff, 0xff, 0xff, 0xff, 0xff, 0xff, 0xff, 0xff, 0xff, 0xff, 0xff, 0xff, 0x00,
	0xff, 0xff, 0xff, 0x00, 0xff, 0xff, 0xff, 0x00, 0xff, 0xff, 0xff, 0x00, 0xff, 0xff, 0xff, 0xff,
	0xff, 0xff, 0xff, 0x00, 0xff, 0xff, 0xff, 0x00, 0xff, 0xff, 0xff, 0x00, 0xff, 0xff, 0xff, 0x00,
	0xff, 0xff, 0xff, 0xff, 0xff, 0xff, 0xff, 0x00, 0xff, 0xff, 0xff, 0x00, 0xff, 0xff, 0xff, 0x00,
	0xff, 0xff, 0xff, 0x00, 0xff, 0xff, 0xff, 0x00, 0xff, 0xff, 0xff, 0x00, 0xff, 0xff, 0xff, 0x00,
	0xff, 0xff, 0xff, 0x00, 0xff, 0xff, 0xff, 0x00, 0xff, 0xff, 0xff, 0x00, 0xff, 0xff, 0xff, 0x00,
	0xff, 0xff, 0xff, 0xff, 0xff, 0xff, 0xff, 0x00, 0xff, 0xff, 0xff, 0x00, 0xff, 0xff, 0xff, 0x00,
	0xff, 0xff, 0xff, 0x00, 0xff, 0xff, 0xff, 0x00, 0xff, 0xff, 0xff, 0x00, 0xff, 0xff, 0xff, 0x00,
	0xff, 0xff, 0xff, 0xff, 0xff, 0xff, 0xff, 0x00, 0xff, 0xff, 0xff, 0x00, 0xff, 0xff, 0xff, 0x00,
	0xff, 0xff, 0xff, 0xff, 0xff, 0xff, 0xff, 0xff, 0xff, 0xff, 0xff, 0xff, 0xff, 0xff, 0xff, 0x00,
	0xff, 0xff, 0xff, 0x00, 0xff, 0xff, 0xff, 0xff, 0xff, 0xff, 0xff, 0xff, 0xff, 0xff, 0xff, 0xff,
	0xff, 0xff, 0xff, 0xff, 0xff, 0xff, 0xff, 0xff, 0x00, 0x00, 0x00, 0x00, 0xff, 0xff, 0xff, 0x00,
	0xff, 0xff, 0xff, 0x00, 0xff, 0xff, 0xff, 0x00, 0xff, 0xff, 0xff, 0x00, 0xff, 0xff, 0xff, 0x00,
	0xff, 0xff, 0xff, 0x00, 0xff, 0xff, 0xff, 0x00, 0xff, 0xff, 0xff, 0x00, 0xff, 0xff, 0xff, 0xff,
	0xff, 0xff, 0xff, 0x00, 0xff, 0xff, 0xff, 0x00, 0xff, 0xff, 0xff, 0x00, 0xff, 0xff, 0xff, 0x00,
	0xff, 0xff, 0xff, 0x00, 0xff, 0xff, 0xff, 0x00, 0xff, 0xff, 0xff, 0x00, 0xff, 0xff, 0xff, 0x00,
	0xff, 0xff, 0xff, 0x00, 0xff, 0xff, 0xff, 0xff, 0xff, 0xff, 0xff, 0xff, 0xff, 0xff, 0xff, 0xff,
	0xff, 0xff, 0xff, 0xff, 0xff, 0xff, 0xff, 0xff, 0xff, 0xff, 0xff, 0x00, 0xff, 0xff, 0xff, 0x00,
	0xff, 0xff, 0xff, 0x00, 0xff, 0xff, 0xff, 0x00, 0xff, 0xff, 0xff, 0x00, 0xff, 0xff, 0xff, 0xff,
	0xff, 0xff, 0xff, 0x00, 0xff, 0xff, 0xff, 0x00, 0xff, 0xff, 0xff, 0xff, 0xff, 0xff, 0xff, 0x00,
	0xff, 0xff, 0xff, 0x00, 0xff, 0xff, 0xff, 0x00, 0xff, 0xff, 0xff, 0x00, 0xff, 0xff, 0xff, 0xff,
	0xff, 0xff, 0xff, 0x00, 0xff, 0xff, 0xff, 0xff, 0xff, 0xff, 0xff, 0x00, 0xff, 0xff, 0xff, 0xff,
	0xff, 0xff, 0xff, 0x00, 0xff, 0xff, 0xff, 0x00, 0xff, 0xff, 0xff, 0x00, 0xff, 0xff, 0xff, 0x00,
	0xff, 0xff, 0xff, 0x00, 0xff, 0xff, 0xff, 0x00, 0xff, 0xff, 0xff, 0x00, 0xff, 0xff, 0xff, 0x00,
	0xff, 0xff, 0xff, 0xff, 0xff, 0xff, 0xff, 0x00, 0xff, 0xff, 0xff, 0x00, 0xff, 0xff, 0xff, 0x00,
	0xff, 0xff, 0xff, 0x00, 0xff, 0xff, 0xff, 0x00, 0xff, 0xff, 0xff, 0x00, 0xff, 0xff, 0xff, 0x00,
	0xff, 0xff, 0xff, 0xff, 0xff, 0xff, 0xff, 0x00, 0xff, 0xff, 0xff, 0x00, 0xff, 0xff, 0xff, 0x00,
	0xff, 0xff, 0xff, 0xff, 0xff, 0xff, 0xff, 0x00, 0xff, 0xff, 0xff, 0xff, 0xff, 0xff, 0xff, 0x00,
	0xff, 0xff, 0xff, 0x00, 0xff, 0xff, 0xff, 0x00, 0xff, 0xff, 0xff, 0x00, 0xff, 0xff, 0xff, 0xff,
	0xff, 0xff, 0xff, 0x00, 0xff, 0xff, 0xff, 0x00, 0x00, 0x00, 0x00, 0x00, 0xff, 0xff, 0xff, 0x00,
	0xff, 0xff, 0xff, 0x00, 0xff, 0xff, 0xff, 0x00, 0xff, 0xff, 0xff, 0x00, 0xff, 0xff, 0xff, 0x00,
	0xff, 0xff, 0xff, 0x00, 0xff, 0xff, 0xff, 0x00, 0xff, 0xff, 0xff, 0x00, 0xff, 0xff, 0xff, 0x00,
	0xff, 0xff, 0xff, 0x00, 0xff, 0xff, 0xff, 0x00, 0xff, 0xff, 0xff, 0x00, 0xff, 0xff, 0xff, 0x00,
	0xff, 0xff, 0xff, 0x00, 0xff, 0xff, 0xff, 0x00, 0xff, 0xff, 0xff, 0x00, 0xff, 0xff, 0xff, 0x00,
	0xff, 0xff, 0xff, 0x00, 0xff, 0xff, 0xff, 0x00, 0xff, 0xff, 0xff, 0xff, 0xff, 0xff, 0xff, 0x00,
	0xff, 0xff, 0xff, 0xff, 0xff, 0xff, 0xff, 0x00, 0xff, 0xff, 0xff, 0x00, 0xff, 0xff, 0xff, 0xff,
	0xff, 0xff, 0xff, 0xff, 0xff, 0xff, 0xff, 0xff, 0xff, 0xff, 0xff, 0xff, 0xff, 0xff, 0xff, 0x00,
	0xff, 0xff, 0xff, 0x00, 0xff, 0xff, 0xff, 0x00, 0xff, 0xff, 0xff, 0xff, 0xff, 0xff, 0xff, 0x00,
	0xff, 0xff, 0xff, 0xff, 0xff, 0xff, 0xff, 0xff, 0xff, 0xff, 0xff, 0x00, 0xff, 0xff, 0xff, 0xff,
	0xff, 0xff, 0xff, 0x00, 0xff, 0xff, 0xff, 0x00, 0xff, 0xff, 0xff, 0xff, 0xff, 0xff, 0xff, 0x00,
	0xff, 0xff, 0xff, 0x00, 0xff, 0xff, 0xff, 0x00, 0xff, 0xff, 0xff, 0x00, 0xff, 0xff, 0xff, 0x00,
	0xff, 0xff, 0xff, 0x00, 0xff, 0xff, 0xff, 0x00, 0xff, 0xff, 0xff, 0x00, 0xff, 0xff, 0xff, 0x00,
	0xff, 0xff, 0xff, 0xff, 0xff, 0xff, 0xff, 0x00, 0xff, 0xff, 0xff, 0x00, 0xff, 0xff, 0xff, 0x00,
	0xff, 0xff, 0xff, 0x00, 0xff, 0xff, 0xff, 0x00, 0xff, 0xff, 0xff, 0x00, 0xff, 0xff, 0xff, 0x00,
	0xff, 0xff, 0xff, 0xff, 0xff, 0xff, 0xff, 0x00, 0xff, 0xff, 0xff, 0x00, 0xff, 0xff, 0xff, 0x00,
	0xff, 0xff, 0xff, 0x00, 0xff, 0xff, 0xff, 0x00, 0xff, 0xff, 0xff, 0x00, 0xff, 0xff, 0xff, 0x00,
	0xff, 0xff, 0xff, 0x00, 0xff, 0xff, 0xff, 0x00, 0xff, 0xff, 0xff, 0x00, 0xff, 0xff, 0xff, 0xff,
	0xff, 0xff, 0xff, 0x00, 0xff, 0xff, 0xff, 0x00, 0x00, 0x00, 0x00, 0x00, 0xff, 0xff, 0xff, 0x00,
	0xff, 0xff, 0xff, 0x00, 0xff, 0xff, 0xff, 0x00, 0xff, 0xff, 0xff, 0x00, 0xff, 0xff, 0xff, 0x00,
	0xff, 0xff, 0xff, 0x00, 0xff, 0xff, 0xff, 0x00, 0xff, 0xff, 0xff, 0x00, 0xff, 0xff, 0xff, 0xff,
	0xff, 0xff, 0xff, 0x00, 0xff, 0xff, 0xff, 0x00, 0xff, 0xff, 0xff, 0x00, 0xff, 0xff, 0xff, 0x00,
	0xff, 0xff, 0xff, 0x00, 0xff, 0xff, 0xff, 0x00, 0xff, 0xff, 0xff, 0x00, 0xff, 0xff, 0xff, 0x00,
	0xff, 0xff, 0xff, 0x00, 0xff, 0xff, 0xff, 0x00, 0xff, 0xff, 0xff, 0xff, 0xff, 0xff, 0xff, 0x00,
	0xff, 0xff, 0xff, 0xff, 0xff, 0xff, 0xff, 0x00, 0xff, 0xff, 0xff, 0x00, 0xff, 0xff, 0xff, 0x00,
	0xff, 0xff, 0xff, 0x00, 0xff, 0xff, 0xff, 0xff, 0xff, 0xff, 0xff, 0x00, 0xff, 0xff, 0xff, 0x00,
	0xff, 0xff, 0xff, 0x00, 0xff, 0xff, 0xff, 0xff, 0xff, 0xff, 0xff, 0x00, 0xff, 0xff, 0xff, 0x00,
	0xff, 0xff, 0xff, 0xff, 0xff, 0xff, 0xff, 0xff, 0xff, 0xff, 0xff, 0x00, 0xff, 0xff, 0xff, 0x00,
	0xff, 0xff, 0xff, 0xff, 0xff, 0xff, 0xff, 0xff, 0xff, 0xff, 0xff, 0x00, 0xff, 0xff, 0xff, 0xff,
	0xff, 0xff, 0xff, 0x00, 0xff, 0xff, 0xff, 0x00, 0xff, 0xff, 0xff, 0x00, 0xff, 0xff, 0xff, 0x00,
	0xff, 0xff, 0xff, 0x00, 0xff, 0xff, 0xff, 0x00, 0xff, 0xff, 0xff, 0x00, 0xff, 0xff, 0xff, 0x00,
	0xff, 0xff, 0xff, 0x00, 0xff, 0xff, 0xff, 0xff, 0xff, 0xff, 0xff, 0x00, 0xff, 0xff, 0xff, 0x00,
	0xff, 0xff, 0xff, 0x00, 0xff, 0xff, 0xff, 0x00, 0xff, 0xff, 0xff, 0x00, 0xff, 0xff, 0xff, 0xff,
	0xff, 0xff, 0xff, 0x00, 0xff, 0xff, 0xff, 0x00, 0xff, 0xff, 0xff, 0x00, 0xff, 0xff, 0xff, 0x00,
	0xff, 0xff, 0xff, 0x00, 0xff, 0xff, 0xff, 0x00, 0xff, 0xff, 0xff, 0x00, 0xff, 0xff, 0xff, 0x00,
	0xff, 0xff, 0xff, 0x00, 0xff, 0xff, 0xff, 0x00, 0xff, 0xff, 0xff, 0x00, 0xff, 0xff, 0xff, 0x00,
	0xff, 0xff, 0xff, 0x00, 0xff, 0xff, 0xff, 0x00, 0x00, 0x00, 0x00, 0x00, 0xff, 0xff, 0xff, 0x00,
	0xff, 0xff, 0xff, 0x00, 0xff, 0xff, 0xff, 0x00, 0xff, 0xff, 0xff, 0x00, 0xff, 0xff, 0xff, 0x00,
	0xff, 0xff, 0xff, 0x00, 0xff, 0xff, 0xff, 0x00, 0xff, 0xff, 0xff, 0x00, 0xff, 0xff, 0xff, 0x00,
	0xff, 0xff, 0xff, 0x00, 0xff, 0xff, 0xff, 0x00, 0xff, 0xff, 0xff, 0x00, 0xff, 0xff, 0xff, 0x00,
	0xff, 0xff, 0xff, 0x00, 0xff, 0xff, 0xff, 0x00, 0xff, 0xff, 0xff, 0x00, 0xff, 0xff, 0xff, 0x00,
	0xff, 0xff, 0xff, 0x00, 0xff, 0xff, 0xff, 0x00, 0xff, 0xff, 0xff, 0x00, 0xff, 0xff, 0xff, 0x00,
	0xff, 0xff, 0xff, 0x00, 0xff, 0xff, 0xff, 0x00, 0xff, 0xff, 0xff, 0x00, 0xff, 0xff, 0xff, 0x00,
	0xff, 0xff, 0xff, 0x00, 0xff, 0xff, 0xff, 0x00, 0xff, 0xff, 0xff, 0x00, 0xff, 0xff, 0xff, 0x00,
	0xff, 0xff, 0xff, 0x00, 0xff, 0xff, 0xff, 0x00, 0xff, 0xff, 0xff, 0x00, 0xff, 0xff, 0xff, 0x00,
	0xff, 0xff, 0xff, 0x00, 0xff, 0xff, 0xff, 0x00, 0xff, 0xff, 0xff, 0x00, 0xff, 0xff, 0xff, 0x00,
	0xff, 0xff, 0xff, 0x00, 0xff, 0xff, 0xff, 0x00, 0xff, 0xff, 0xff, 0x00, 0xff, 0xff, 0xff, 0x00,
	0xff, 0xff, 0xff, 0x00, 0xff, 0xff, 0xff, 0x00, 0xff, 0xff, 0xff, 0x00, 0xff, 0xff, 0xff, 0x00,
	0xff, 0xff, 0xff, 0x00, 0xff, 0xff, 0xff, 0x00, 0xff, 0xff, 0xff, 0x00, 0xff, 0xff, 0xff, 0x00,
	0xff, 0xff, 0xff, 0x00, 0xff, 0xff, 0xff, 0x00, 0xff, 0xff, 0xff, 0x00, 0xff, 0xff, 0xff, 0x00,
	0xff, 0xff, 0xff, 0x00, 0xff, 0xff, 0xff, 0x00, 0xff, 0xff, 0xff, 0x00, 0xff, 0xff, 0xff, 0x00,
	0xff, 0xff, 0xff, 0x00, 0xff, 0xff, 0xff, 0x00, 0xff, 0xff, 0xff, 0x00, 0xff, 0xff, 0xff, 0x00,
	0xff, 0xff, 0xff, 0x00, 0xff, 0xff, 0xff, 0x00, 0xff, 0xff, 0xff, 0x00, 0xff, 0xff, 0xff, 0x00,
	0xff, 0xff, 0xff, 0x00, 0xff, 0xff, 0xff, 0x00, 0xff, 0xff, 0xff, 0x00, 0xff, 0xff, 0xff, 0x00,
	0xff, 0xff, 0xff, 0x00, 0xff, 0xff, 0xff, 0x00, 0x00, 0x00, 0x00, 0x00, 0xff, 0xff, 0xff, 0x00,
	0xff, 0xff, 0xff, 0x00, 0xff, 0xff, 0xff, 0x00, 0xff, 0xff, 0xff, 0x00, 0xff, 0xff, 0xff, 0x00,
	0xff, 0xff, 0xff, 0x00, 0xff, 0xff, 0xff, 0x00, 0xff, 0xff, 0xff, 0x00, 0xff, 0xff, 0xff, 0x00,
	0xff, 0xff, 0xff, 0x00, 0xff, 0xff, 0xff, 0x00, 0xff, 0xff, 0xff, 0x00, 0xff, 0xff, 0xff, 0x00,
	0xff, 0xff, 0xff, 0x00, 0xff, 0xff, 0xff, 0x00, 0xff, 0xff, 0xff, 0x00, 0xff, 0xff, 0xff, 0x00,
	0xff, 0xff, 0xff, 0x00, 0xff, 0xff, 0xff, 0x00, 0xff, 0xff, 0xff, 0x00, 0xff, 0xff, 0xff, 0x00,
	0xff, 0xff, 0xff, 0x00, 0xff, 0xff, 0xff, 0xff, 0xff, 0xff, 0xff, 0x00, 0xff, 0xff, 0xff, 0x00,
	0xff, 0xff, 0xff, 0xff, 0xff, 0xff, 0xff, 0xff, 0xff, 0xff, 0xff, 0xff, 0xff, 0xff, 0xff, 0x00,
	0xff, 0xff, 0xff, 0x00, 0xff, 0xff, 0xff, 0x00, 0xff, 0xff, 0xff, 0x00, 0xff, 0xff, 0xff, 0xff,
	0xff, 0xff, 0xff, 0x00, 0xff, 0xff, 0xff, 0x00, 0xff, 0xff, 0xff, 0x00, 0xff, 0xff, 0xff, 0x00,
	0xff, 0xff, 0xff, 0xff, 0xff, 0xff, 0xff, 0xff, 0xff, 0xff, 0xff, 0xff, 0xff, 0xff, 0xff, 0x00,
	0xff, 0xff, 0xff, 0x00, 0xff, 0xff, 0xff, 0x00, 0xff, 0xff, 0xff, 0xff, 0xff, 0xff, 0xff, 0xff,
	0xff, 0xff, 0xff, 0xff, 0xff, 0xff, 0xff, 0x00, 0xff, 0xff, 0xff, 0x00, 0xff, 0xff, 0xff, 0x00,
	0xff, 0xff, 0xff, 0x00, 0xff, 0xff, 0xff, 0x00, 0xff, 0xff, 0xff, 0xff, 0xff, 0xff, 0xff, 0x00,
	0xff, 0xff, 0xff, 0x00, 0xff, 0xff, 0xff, 0xff, 0xff, 0xff, 0xff, 0xff, 0xff, 0xff, 0xff, 0xff,
	0xff, 0xff, 0xff, 0xff, 0xff, 0xff, 0xff, 0xff, 0xff, 0xff, 0xff, 0x00, 0xff, 0xff, 0xff, 0x00,
	0xff, 0xff, 0xff, 0xff, 0xff, 0xff, 0xff, 0xff, 0xff, 0xff, 0xff, 0xff, 0xff, 0xff, 0xff, 0x00,
	0xff, 0xff, 0xff, 0x00, 0xff, 0xff, 0xff, 0xff, 0xff, 0xff, 0xff, 0xff, 0xff, 0xff, 0xff, 0xff,
	0xff, 0xff, 0xff, 0xff, 0xff, 0xff, 0xff, 0xff, 0x00, 0x00, 0x00, 0x00, 0xff, 0xff, 0xff, 0x00,
	0xff, 0xff, 0xff, 0x00, 0xff, 0xff, 0xff, 0x00, 0xff, 0xff, 0xff, 0x00, 0xff, 0xff, 0xff, 0x00,
	0xff, 0xff, 0xff, 0x00, 0xff, 0xff, 0xff, 0x00, 0xff, 0xff, 0xff, 0x00, 0xff, 0xff, 0xff, 0x00,
	0xff, 0xff, 0xff, 0x00, 0xff, 0xff, 0xff, 0x00, 0xff, 0xff, 0xff, 0x00, 0xff, 0xff, 0xff, 0x00,
	0xff, 0xff, 0xff, 0x00, 0xff, 0xff, 0xff, 0x00, 0xff, 0xff, 0xff, 0x00, 0xff, 0xff, 0xff, 0x00,
	0xff, 0xff, 0xff, 0x00, 0xff, 0xff, 0xff, 0x00, 0xff, 0xff, 0xff, 0x00, 0xff, 0xff, 0xff, 0x00,
	0xff, 0xff, 0xff, 0xff, 0xff, 0xff, 0xff, 0x00, 0xff, 0xff, 0xff, 0x00, 0xff, 0xff, 0xff, 0xff,
	0xff, 0xff, 0xff, 0x00, 0xff, 0xff, 0xff, 0x00, 0xff, 0xff, 0xff, 0x00, 0xff, 0xff, 0xff, 0xff,
	0xff, 0xff, 0xff, 0x00, 0xff, 0xff, 0xff, 0x00, 0xff, 0xff, 0xff, 0xff, 0xff, 0xff, 0xff, 0xff,
	0xff, 0xff, 0xff, 0x00, 0xff, 0xff, 0xff, 0x00, 0xff, 0xff, 0xff, 0x00, 0xff, 0xff, 0xff, 0xff,
	0xff, 0xff, 0xff, 0x00, 0xff, 0xff, 0xff, 0x00, 0xff, 0xff, 0xff, 0x00, 0xff, 0xff, 0xff, 0xff,
	0xff, 0xff, 0xff, 0x00, 0xff, 0xff, 0xff, 0xff, 0xff, 0xff, 0xff, 0x00, 0xff, 0xff, 0xff, 0x00,
	0xff, 0xff, 0xff, 0x00, 0xff, 0xff, 0xff, 0xff, 0xff, 0xff, 0xff, 0x00, 0xff, 0xff, 0xff, 0x00,
	0xff, 0xff, 0xff, 0x00, 0xff, 0xff, 0xff, 0xff, 0xff, 0xff, 0xff, 0xff, 0xff, 0xff, 0xff, 0x00,
	0xff, 0xff, 0xff, 0x00, 0xff, 0xff, 0xff, 0xff, 0xff, 0xff, 0xff, 0x00, 0xff, 0xff, 0xff, 0x00,
	0xff, 0xff, 0xff, 0x00, 0xff, 0xff, 0xff, 0x00, 0xff, 0xff, 0xff, 0x00, 0xff, 0xff, 0xff, 0xff,
	0xff, 0xff, 0xff, 0x00, 0xff, 0xff, 0xff, 0x00, 0xff, 0xff, 0xff, 0x00, 0xff, 0xff, 0xff, 0xff,
	0xff, 0xff, 0xff, 0x00, 0xff, 0xff, 0xff, 0x00, 0xff, 0xff, 0xff, 0x00, 0xff, 0xff, 0xff, 0x00,
	0xff, 0xff, 0xff, 0x00, 0xff, 0xff, 0xff, 0xff, 0x00, 0x00, 0x00, 0x00, 0xff, 0xff, 0xff, 0x00,
	0xff, 0xff, 0xff, 0x00, 0xff, 0xff, 0xff, 0x00, 0xff, 0xff, 0xff, 0x00, 0xff, 0xff, 0xff, 0x00,
	0xff, 0xff, 0xff, 0x00, 0xff, 0xff, 0xff, 0x00, 0xff, 0xff, 0xff, 0x00, 0xff, 0xff, 0xff, 0x00,
	0xff, 0xff, 0xff, 0x00, 0xff, 0xff, 0xff, 0x00, 0xff, 0xff, 0xff, 0x00, 0xff, 0xff, 0xff, 0x00,
	0xff, 0xff, 0xff, 0x00, 0xff, 0xff, 0xff, 0x00, 0xff, 0xff, 0xff, 0x00, 0xff, 0xff, 0xff, 0x00,
	0xff, 0xff, 0xff, 0x00, 0xff, 0xff, 0xff, 0x00, 0xff, 0xff, 0xff, 0x00, 0xff, 0xff, 0xff, 0x00,
	0xff, 0xff, 0xff, 0xff, 0xff, 0xff, 0xff, 0x00, 0xff, 0xff, 0xff, 0x00, 0xff, 0xff, 0xff, 0xff,
	0xff, 0xff, 0xff, 0x00, 0xff, 0xff, 0xff, 0x00, 0xff, 0xff, 0xff, 0x00, 0xff, 0xff, 0xff, 0xff,
	0xff, 0xff, 0xff, 0x00, 0xff, 0xff, 0xff, 0x00, 0xff, 0xff, 0xff, 0x00, 0xff, 0xff, 0xff, 0xff,
	0xff, 0xff, 0xff, 0x00, 0xff, 0xff, 0xff, 0x00, 0xff, 0xff, 0xff, 0x00, 0xff, 0xff, 0xff, 0x00,
	0xff, 0xff, 0xff, 0x00, 0xff, 0xff, 0xff, 0x00, 0xff, 0xff, 0xff, 0x00, 0xff, 0xff, 0xff, 0xff,
	0xff, 0xff, 0xff, 0x00, 0xff, 0xff, 0xff, 0x00, 0xff, 0xff, 0xff, 0x00, 0xff, 0xff, 0xff, 0x00,
	0xff, 0xff, 0xff, 0x00, 0xff, 0xff, 0xff, 0xff, 0xff, 0xff, 0xff, 0x00, 0xff, 0xff, 0xff, 0x00,
	0xff, 0xff, 0xff, 0xff, 0xff, 0xff, 0xff, 0x00, 0xff, 0xff, 0xff, 0xff, 0xff, 0xff, 0xff, 0x00,
	0xff, 0xff, 0xff, 0x00, 0xff, 0xff, 0xff, 0xff, 0xff, 0xff, 0xff, 0x00, 0xff, 0xff, 0xff, 0x00,
	0xff, 0xff, 0xff, 0x00, 0xff, 0xff, 0xff, 0x00, 0xff, 0xff, 0xff, 0x00, 0xff, 0xff, 0xff, 0xff,
	0xff, 0xff, 0xff, 0x00, 0xff, 0xff, 0xff, 0x00, 0xff, 0xff, 0xff, 0x00, 0xff, 0xff, 0xff, 0x00,
	0xff, 0xff, 0xff, 0x00, 0xff, 0xff, 0xff, 0x00, 0xff, 0xff, 0xff, 0x00, 0xff, 0xff, 0xff, 0x00,
	0xff, 0xff, 0xff, 0x00, 0xff, 0xff, 0xff, 0xff, 0x00, 0x00, 0x00, 0x00, 0xff, 0xff, 0xff, 0x00,
	0xff, 0xff, 0xff, 0x00, 0xff, 0xff, 0xff, 0x00, 0xff, 0xff, 0xff, 0x00, 0xff, 0xff, 0xff, 0x00,
	0xff, 0xff, 0xff, 0x00, 0xff, 0xff, 0xff, 0xff, 0xff, 0xff, 0xff, 0xff, 0xff, 0xff, 0xff, 0xff,
	0xff, 0xff, 0xff, 0xff, 0xff, 0xff, 0xff, 0xff, 0xff, 0xff, 0xff, 0x00, 0xff, 0xff, 0xff, 0x00,
	0xff, 0xff, 0xff, 0x00, 0xff, 0xff, 0xff, 0x00, 0xff, 0xff, 0xff, 0x00, 0xff, 0xff, 0xff, 0x00,
	0xff, 0xff, 0xff, 0x00, 0xff, 0xff, 0xff, 0x00, 0xff, 0xff, 0xff, 0x00, 0xff, 0xff, 0xff, 0xff,
	0xff, 0xff, 0xff, 0x00, 0xff, 0xff, 0xff, 0x00, 0xff, 0xff, 0xff, 0x00, 0xff, 0xff, 0xff, 0xff,
	0xff, 0xff, 0xff, 0x00, 0xff, 0xff, 0xff, 0xff, 0xff, 0xff, 0xff, 0x00, 0xff, 0xff, 0xff, 0xff,
	0xff, 0xff, 0xff, 0x00, 0xff, 0xff, 0xff, 0x00, 0xff, 0xff, 0xff, 0x00, 0xff, 0xff, 0xff, 0xff,
	0xff, 0xff, 0xff, 0x00, 0xff, 0xff, 0xff, 0x00, 0xff, 0xff, 0xff, 0x00, 0xff, 0xff, 0xff, 0x00,
	0xff, 0xff, 0xff, 0x00, 0xff, 0xff, 0xff, 0x00, 0xff, 0xff, 0xff, 0xff, 0xff, 0xff, 0xff, 0x00,
	0xff, 0xff, 0xff, 0x00, 0xff, 0xff, 0xff, 0x00, 0xff, 0xff, 0xff, 0xff, 0xff, 0xff, 0xff, 0xff,
	0xff, 0xff, 0xff, 0xff, 0xff, 0xff, 0xff, 0x00, 0xff, 0xff, 0xff, 0x00, 0xff, 0xff, 0xff, 0xff,
	0xff, 0xff, 0xff, 0x00, 0xff, 0xff, 0xff, 0x00, 0xff, 0xff, 0xff, 0xff, 0xff, 0xff, 0xff, 0x00,
	0xff, 0xff, 0xff, 0x00, 0xff, 0xff, 0xff, 0xff, 0xff, 0xff, 0xff, 0xff, 0xff, 0xff, 0xff, 0xff,
	0xff, 0xff, 0xff, 0xff, 0xff, 0xff, 0xff, 0x00, 0xff, 0xff, 0xff, 0x00, 0xff, 0xff, 0xff, 0xff,
	0xff, 0xff, 0xff, 0xff, 0xff, 0xff, 0xff, 0xff, 0xff, 0xff, 0xff, 0xff, 0xff, 0xff, 0xff, 0x00,
	0xff, 0xff, 0xff, 0x00, 0xff, 0xff, 0xff, 0x00, 0xff, 0xff, 0xff, 0x00, 0xff, 0xff, 0xff, 0x00,
	0xff, 0xff, 0xff, 0xff, 0xff, 0xff, 0xff, 0x00, 0x00, 0x00, 0x00, 0x00, 0xff, 0xff, 0xff, 0x00,
	0xff, 0xff, 0xff, 0xff, 0xff, 0xff, 0xff, 0xff, 0xff, 0xff, 0xff, 0x00, 0xff, 0xff, 0xff, 0x00,
	0xff, 0xff, 0xff, 0x00, 0xff, 0xff, 0xff, 0x00, 0xff, 0xff, 0xff, 0x00, 0xff, 0xff, 0xff, 0x00,
	0xff, 0xff, 0xff, 0x00, 0xff, 0xff, 0xff, 0x00, 0xff, 0xff, 0xff, 0x00, 0xff, 0xff, 0xff, 0x00,
	0xff, 0xff, 0xff, 0x00, 0xff, 0xff, 0xff, 0x00, 0xff, 0xff, 0xff, 0x00, 0xff, 0xff, 0xff, 0x00,
	0xff, 0xff, 0xff, 0x00, 0xff, 0xff, 0xff, 0x00, 0xff, 0xff, 0xff, 0xff, 0xff, 0xff, 0xff, 0x00,
	0xff, 0xff, 0xff, 0x00, 0xff, 0xff, 0xff, 0x00, 0xff, 0xff, 0xff, 0x00, 0xff, 0xff, 0xff, 0xff,
	0xff, 0xff, 0xff, 0x00, 0xff, 0xff, 0xff, 0x00, 0xff, 0xff, 0xff, 0x00, 0xff, 0xff, 0xff, 0xff,
	0xff, 0xff, 0xff, 0x00, 0xff, 0xff, 0xff, 0x00, 0xff, 0xff, 0xff, 0x00, 0xff, 0xff, 0xff, 0xff,
	0xff, 0xff, 0xff, 0x00, 0xff, 0xff, 0xff, 0x00, 0xff, 0xff, 0xff, 0x00, 0xff, 0xff, 0xff, 0x00,
	0xff, 0xff, 0xff, 0x00, 0xff, 0xff, 0xff, 0xff, 0xff, 0xff, 0xff, 0x00, 0xff, 0xff, 0xff, 0x00,
	0xff, 0xff, 0xff, 0x00, 0xff, 0xff, 0xff, 0x00, 0xff, 0xff, 0xff, 0x00, 0xff, 0xff, 0xff, 0x00,
	0xff, 0xff, 0xff, 0x00, 0xff, 0xff, 0xff, 0xff, 0xff, 0xff, 0xff, 0x00, 0xff, 0xff, 0xff, 0xff,
	0xff, 0xff, 0xff, 0xff, 0xff, 0xff, 0xff, 0xff, 0xff, 0xff, 0xff, 0xff, 0xff, 0xff, 0xff, 0xff,
	0xff, 0xff, 0xff, 0x00, 0xff, 0xff, 0xff, 0x00, 0xff, 0xff, 0xff, 0x00, 0xff, 0xff, 0xff, 0x00,
	0xff, 0xff, 0xff, 0x00, 0xff, 0xff, 0xff, 0xff, 0xff, 0xff, 0xff, 0x00, 0xff, 0xff, 0xff, 0xff,
	0xff, 0xff, 0xff, 0x00, 0xff, 0xff, 0xff, 0x00, 0xff, 0xff, 0xff, 0x00, 0xff, 0xff, 0xff, 0xff,
	0xff, 0xff, 0xff, 0x00, 0xff, 0xff, 0xff, 0x00, 0xff, 0xff, 0xff, 0x00, 0xff, 0xff, 0xff, 0xff,
	0xff, 0xff, 0xff, 0x00, 0xff, 0xff, 0xff, 0x00, 0x00, 0x00, 0x00, 0x00, 0xff, 0xff, 0xff, 0x00,
	0xff, 0xff, 0xff, 0xff, 0xff, 0xff, 0xff, 0xff, 0xff, 0xff, 0xff, 0x00, 0xff, 0xff, 0xff, 0x00,
	0xff, 0xff, 0xff, 0x00, 0xff, 0xff, 0xff, 0x00, 0xff, 0xff, 0xff, 0x00, 0xff, 0xff, 0xff, 0x00,
	0xff, 0xff, 0xff, 0x00, 0xff, 0xff, 0xff, 0x00, 0xff, 0xff, 0xff, 0x00, 0xff, 0xff, 0xff, 0x00,
	0xff, 0xff, 0xff, 0xff, 0xff, 0xff, 0xff, 0xff, 0xff, 0xff, 0xff, 0x00, 0xff, 0xff, 0xff, 0x00,
	0xff, 0xff, 0xff, 0x00, 0xff, 0xff, 0xff, 0x00, 0xff, 0xff, 0xff, 0xff, 0xff, 0xff, 0xff, 0x00,
	0xff, 0xff, 0xff, 0x00, 0xff, 0xff, 0xff, 0x00, 0xff, 0xff, 0xff, 0x00, 0xff, 0xff, 0xff, 0xff,
	0xff, 0xff, 0xff, 0x00, 0xff, 0xff, 0xff, 0x00, 0xff, 0xff, 0xff, 0x00, 0xff, 0xff, 0xff, 0xff,
	0xff, 0xff, 0xff, 0x00, 0xff, 0xff, 0xff, 0x00, 0xff, 0xff, 0xff, 0x00, 0xff, 0xff, 0xff, 0xff,
	0xff, 0xff, 0xff, 0x00, 0xff, 0xff, 0xff, 0x00, 0xff, 0xff, 0xff, 0x00, 0xff, 0xff, 0xff, 0x00,
	0xff, 0xff, 0xff, 0xff, 0xff, 0xff, 0xff, 0x00, 0xff, 0xff, 0xff, 0x00, 0xff, 0xff, 0xff, 0x00,
	0xff, 0xff, 0xff, 0x00, 0xff, 0xff, 0xff, 0xff, 0xff, 0xff, 0xff, 0x00, 0xff, 0xff, 0xff, 0x00,
	0xff, 0xff, 0xff, 0x00, 0xff, 0xff, 0xff, 0xff, 0xff, 0xff, 0xff, 0x00, 0xff, 0xff, 0xff, 0x00,
	0xff, 0xff, 0xff, 0x00, 0xff, 0xff, 0xff, 0x00, 0xff, 0xff, 0xff, 0xff, 0xff, 0xff, 0xff, 0x00,
	0xff, 0xff, 0xff, 0x00, 0xff, 0xff, 0xff, 0xff, 0xff, 0xff, 0xff, 0x00, 0xff, 0xff, 0xff, 0x00,
	0xff, 0xff, 0xff, 0x00, 0xff, 0xff, 0xff, 0xff, 0xff, 0xff, 0xff, 0x00, 0xff, 0xff, 0xff, 0xff,
	0xff, 0xff, 0xff, 0x00, 0xff, 0xff, 0xff, 0x00, 0xff, 0xff, 0xff, 0x00, 0xff, 0xff, 0xff, 0xff,
	0xff, 0xff, 0xff, 0x00, 0xff, 0xff, 0xff, 0x00, 0xff, 0xff, 0xff, 0xff, 0xff, 0xff, 0xff, 0x00,
	0xff, 0xff, 0xff, 0x00, 0xff, 0xff, 0xff, 0x00, 0x00, 0x00, 0x00, 0x00, 0xff, 0xff, 0xff, 0x00,
	0xff, 0xff, 0xff, 0x00, 0xff, 0xff, 0xff, 0xff, 0xff, 0xff, 0xff, 0x00, 0xff, 0xff, 0xff, 0x00,
	0xff, 0xff, 0xff, 0x00, 0xff, 0xff, 0xff, 0x00, 0xff, 0xff, 0xff, 0x00, 0xff, 0xff, 0xff, 0x00,
	0xff, 0xff, 0xff, 0x00, 0xff, 0xff, 0xff, 0x00, 0xff, 0xff, 0xff, 0x00, 0xff, 0xff, 0xff, 0x00,
	0xff, 0xff, 0xff, 0xff, 0xff, 0xff, 0xff, 0xff, 0xff, 0xff, 0xff, 0x00, 0xff, 0xff, 0xff, 0x00,
	0xff, 0xff, 0xff, 0x00, 0xff, 0xff, 0xff, 0xff, 0xff, 0xff, 0xff, 0x00, 0xff, 0xff, 0xff, 0x00,
	0xff, 0xff, 0xff, 0x00, 0xff, 0xff, 0xff, 0x00, 0xff, 0xff, 0xff, 0x00, 0xff, 0xff, 0xff, 0x00,
	0xff, 0xff, 0xff, 0xff, 0xff, 0xff, 0xff, 0xff, 0xff, 0xff, 0xff, 0xff, 0xff, 0xff, 0xff, 0x00,
	0xff, 0xff, 0xff, 0x00, 0xff, 0xff, 0xff, 0x00, 0xff, 0xff, 0xff, 0xff, 0xff, 0xff, 0xff, 0xff,
	0xff, 0xff, 0xff, 0xff, 0xff, 0xff, 0xff, 0x00, 0xff, 0xff, 0xff, 0x00, 0xff, 0xff, 0xff, 0xff,
	0xff, 0xff, 0xff, 0xff, 0xff, 0xff, 0xff, 0xff, 0xff, 0xff, 0xff, 0xff, 0xff, 0xff, 0xff, 0xff,
	0xff, 0xff, 0xff, 0x00, 0xff, 0xff, 0xff, 0x00, 0xff, 0xff, 0xff, 0xff, 0xff, 0xff, 0xff, 0xff,
	0xff, 0xff, 0xff, 0xff, 0xff, 0xff, 0xff, 0x00, 0xff, 0xff, 0xff, 0x00, 0xff, 0xff, 0xff, 0x00,
	0xff, 0xff, 0xff, 0x00, 0xff, 0xff, 0xff, 0x00, 0xff, 0xff, 0xff, 0xff, 0xff, 0xff, 0xff, 0x00,
	0xff, 0xff, 0xff, 0x00, 0xff, 0xff, 0xff, 0x00, 0xff, 0xff, 0xff, 0xff, 0xff, 0xff, 0xff, 0xff,
	0xff, 0xff, 0xff, 0xff, 0xff, 0xff, 0xff, 0x00, 0xff, 0xff, 0xff, 0x00, 0xff, 0xff, 0xff, 0x00,
	0xff, 0xff, 0xff, 0xff, 0xff, 0xff, 0xff, 0xff, 0xff, 0xff, 0xff, 0xff, 0xff, 0xff, 0xff, 0x00,
	0xff, 0xff, 0xff, 0x00, 0xff, 0xff, 0xff, 0xff, 0xff, 0xff, 0xff, 0x00, 0xff, 0xff, 0xff, 0x00,
	0xff, 0xff, 0xff, 0x00, 0xff, 0xff, 0xff, 0x00, 0x00, 0x00, 0x00, 0x00, 0xff, 0xff, 0xff, 0x00,
	0xff, 0xff, 0xff, 0x00, 0xff, 0xff, 0xff, 0x00, 0xff, 0xff, 0xff, 0x00, 0xff, 0xff, 0xff, 0x00,
	0xff, 0xff, 0xff, 0x00, 0xff, 0xff, 0xff, 0x00, 0xff, 0xff, 0xff, 0x00, 0xff, 0xff, 0xff, 0x00,
	0xff, 0xff, 0xff, 0x00, 0xff, 0xff, 0xff, 0x00, 0xff, 0xff, 0xff, 0x00, 0xff, 0xff, 0xff, 0x00,
	0xff, 0xff, 0xff, 0x00, 0xff, 0xff, 0xff, 0x00, 0xff, 0xff, 0xff, 0x00, 0xff, 0xff, 0xff, 0x00,
	0xff, 0xff, 0xff, 0x00, 0xff, 0xff, 0xff, 0x00, 0xff, 0xff, 0xff, 0x00, 0xff, 0xff, 0xff, 0x00,
	0xff, 0xff, 0xff, 0x00, 0xff, 0xff, 0xff, 0x00, 0xff, 0xff, 0xff, 0x00, 0xff, 0xff, 0xff, 0x00,
	0xff, 0xff, 0xff, 0x00, 0xff, 0xff, 0xff, 0x00, 0xff, 0xff, 0xff, 0x00, 0xff, 0xff, 0xff, 0x00,
	0xff, 0xff, 0xff, 0x00, 0xff, 0xff, 0xff, 0x00, 0xff, 0xff, 0xff, 0x00, 0xff, 0xff, 0xff, 0x00,
	0xff, 0xff, 0xff, 0x00, 0xff, 0xff, 0xff, 0x00, 0xff, 0xff, 0xff, 0x00, 0xff, 0xff, 0xff, 0x00,
	0xff, 0xff, 0xff, 0x00, 0xff, 0xff, 0xff, 0x00, 0xff, 0xff, 0xff, 0x00, 0xff, 0xff, 0xff, 0x00,
	0xff, 0xff, 0xff, 0x00, 0xff, 0xff, 0xff, 0x00, 0xff, 0xff, 0xff, 0x00, 0xff, 0xff, 0xff, 0x00,
	0xff, 0xff, 0xff, 0x00, 0xff, 0xff, 0xff, 0x00, 0xff, 0xff, 0xff, 0x00, 0xff, 0xff, 0xff, 0x00,
	0xff, 0xff, 0xff, 0x00, 0xff, 0xff, 0xff, 0x00, 0xff, 0xff, 0xff, 0x00, 0xff, 0xff, 0xff, 0x00,
	0xff, 0xff, 0xff, 0x00, 0xff, 0xff, 0xff, 0x00, 0xff, 0xff, 0xff, 0x00, 0xff, 0xff, 0xff, 0x00,
	0xff, 0xff, 0xff, 0x00, 0xff, 0xff, 0xff, 0x00, 0xff, 0xff, 0xff, 0x00, 0xff, 0xff, 0xff, 0x00,
	0xff, 0xff, 0xff, 0x00, 0xff, 0xff, 0xff, 0x00, 0xff, 0xff, 0xff, 0x00, 0xff, 0xff, 0xff, 0x00,
	0xff, 0xff, 0xff, 0x00, 0xff, 0xff, 0xff, 0x00, 0xff, 0xff, 0xff, 0x00, 0xff, 0xff, 0xff, 0x00,
	0xff, 0xff, 0xff, 0x00, 0xff, 0xff, 0xff, 0x00, 0x00, 0x00, 0x00, 0x00, 0xff, 0xff, 0xff, 0x00,
	0xff, 0xff, 0xff, 0xff, 0xff, 0xff, 0xff, 0xff, 0xff, 0xff, 0xff, 0xff, 0xff, 0xff, 0xff, 0x00,
	0xff, 0xff, 0xff, 0x00, 0xff, 0xff, 0xff, 0x00, 0xff, 0xff, 0xff, 0xff, 0xff, 0xff, 0xff, 0xff,
	0xff, 0xff, 0xff, 0xff, 0xff, 0xff, 0xff, 0x00, 0xff, 0xff, 0xff, 0x00, 0xff, 0xff, 0xff, 0x00,
	0xff, 0xff, 0xff, 0x00, 0xff, 0xff, 0xff, 0x00, 0xff, 0xff, 0xff, 0x00, 0xff, 0xff, 0xff, 0x00,
	0xff, 0xff, 0xff, 0x00, 0xff, 0xff, 0xff, 0x00, 0xff, 0xff, 0xff, 0x00, 0xff, 0xff, 0xff, 0x00,
	0xff, 0xff, 0xff, 0x00, 0xff, 0xff, 0xff, 0x00, 0xff, 0xff, 0xff, 0x00, 0xff, 0xff, 0xff, 0x00,
	0xff, 0xff, 0xff, 0x00, 0xff, 0xff, 0xff, 0x00, 0xff, 0xff, 0xff, 0xff, 0xff, 0xff, 0xff, 0x00,
	0xff, 0xff, 0xff, 0x00, 0xff, 0xff, 0xff, 0x00, 0xff, 0xff, 0xff, 0x00, 0xff, 0xff, 0xff, 0x00,
	0xff, 0xff, 0xff, 0x00, 0xff, 0xff, 0xff, 0x00, 0xff, 0xff, 0xff, 0x00, 0xff, 0xff, 0xff, 0x00,
	0xff, 0xff, 0xff, 0xff, 0xff, 0xff, 0xff, 0x00, 0xff, 0xff, 0xff, 0x00, 0xff, 0xff, 0xff, 0x00,
	0xff, 0xff, 0xff, 0x00, 0xff, 0xff, 0xff, 0x00, 0xff, 0xff, 0xff, 0xff, 0xff, 0xff, 0xff, 0xff,
	0xff, 0xff, 0xff, 0xff, 0xff, 0xff, 0xff, 0x00, 0xff, 0xff, 0xff, 0x00, 0xff, 0xff, 0xff, 0x00,
	0xff, 0xff, 0xff, 0xff, 0xff, 0xff, 0xff, 0xff, 0xff, 0xff, 0xff, 0xff, 0xff, 0xff, 0xff, 0x00,
	0xff, 0xff, 0xff, 0x00, 0xff, 0xff, 0xff, 0x00, 0xff, 0xff, 0xff, 0xff, 0xff, 0xff, 0xff, 0xff,
	0xff, 0xff, 0xff, 0xff, 0xff, 0xff, 0xff, 0x00, 0xff, 0xff, 0xff, 0x00, 0xff, 0xff, 0xff, 0xff,
	0xff, 0xff, 0xff, 0xff, 0xff, 0xff, 0xff, 0xff, 0xff, 0xff, 0xff, 0xff, 0xff, 0xff, 0xff, 0x00,
	0xff, 0xff, 0xff, 0x00, 0xff, 0xff, 0xff, 0x00, 0xff, 0xff, 0xff, 0xff, 0xff, 0xff, 0xff, 0xff,
	0xff, 0xff, 0xff, 0xff, 0xff, 0xff, 0xff, 0x00, 0x00, 0x00, 0x00, 0x00, 0xff, 0xff, 0xff, 0xff,
	0xff, 0xff, 0xff, 0x00, 0xff, 0xff, 0xff, 0x00, 0xff, 0xff, 0xff, 0x00, 0xff, 0xff, 0xff, 0xff,
	0xff, 0xff, 0xff, 0x00, 0xff, 0xff, 0xff, 0xff, 0xff, 0xff, 0xff, 0x00, 0xff, 0xff, 0xff, 0x00,
	0xff, 0xff, 0xff, 0x00, 0xff, 0xff, 0xff, 0xff, 0xff, 0xff, 0xff, 0x00, 0xff, 0xff, 0xff, 0x00,
	0xff, 0xff, 0xff, 0x00, 0xff, 0xff, 0xff, 0xff, 0xff, 0xff, 0xff, 0x00, 0xff, 0xff, 0xff, 0x00,
	0xff, 0xff, 0xff, 0x00, 0xff, 0xff, 0xff, 0x00, 0xff, 0xff, 0xff, 0x00, 0xff, 0xff, 0xff, 0xff,
	0xff, 0xff, 0xff, 0x00, 0xff, 0xff, 0xff, 0x00, 0xff, 0xff, 0xff, 0x00, 0xff, 0xff, 0xff, 0x00,
	0xff, 0xff, 0xff, 0x00, 0xff, 0xff, 0xff, 0xff, 0xff, 0xff, 0xff, 0x00, 0xff, 0xff, 0xff, 0x00,
	0xff, 0xff, 0xff, 0x00, 0xff, 0xff, 0xff, 0x00, 0xff, 0xff, 0xff, 0x00, 0xff, 0xff, 0xff, 0x00,
	0xff, 0xff, 0xff, 0x00, 0xff, 0xff, 0xff, 0x00, 0xff, 0xff, 0xff, 0x00, 0xff, 0xff, 0xff, 0x00,
	0xff, 0xff, 0xff, 0x00, 0xff, 0xff, 0xff, 0xff, 0xff, 0xff, 0xff, 0x00, 0xff, 0xff, 0xff, 0x00,
	0xff, 0xff, 0xff, 0x00, 0xff, 0xff, 0xff, 0xff, 0xff, 0xff, 0xff, 0x00, 0xff, 0xff, 0xff, 0x00,
	0xff, 0xff, 0xff, 0x00, 0xff, 0xff, 0xff, 0xff, 0xff, 0xff, 0xff, 0x00, 0xff, 0xff, 0xff, 0xff,
	0xff, 0xff, 0xff, 0x00, 0xff, 0xff, 0xff, 0x00, 0xff, 0xff, 0xff, 0x00, 0xff, 0xff, 0xff, 0xff,
	0xff, 0xff, 0xff, 0x00, 0xff, 0xff, 0xff, 0xff, 0xff, 0xff, 0xff, 0x00, 0xff, 0xff, 0xff, 0x00,
	0xff, 0xff, 0xff, 0x00, 0xff, 0xff, 0xff, 0xff, 0xff, 0xff, 0xff, 0x00, 0xff, 0xff, 0xff, 0xff,
	0xff, 0xff, 0xff, 0x00, 0xff, 0xff, 0xff, 0x00, 0xff, 0xff, 0xff, 0x00, 0xff, 0xff, 0xff, 0xff,
	0xff, 0xff, 0xff, 0x00, 0xff, 0xff, 0xff, 0xff, 0xff, 0xff, 0xff, 0x00, 0xff, 0xff, 0xff, 0x00,
	0xff, 0xff, 0xff, 0x00, 0xff, 0xff, 0xff, 0xff, 0x00, 0x00, 0x00, 0x00, 0xff, 0xff, 0xff, 0xff,
	0xff, 0xff, 0xff, 0x00, 0xff, 0xff, 0xff, 0x00, 0xff, 0xff, 0xff, 0x00, 0xff, 0xff, 0xff, 0xff,
	0xff, 0xff, 0xff, 0x00, 0xff, 0xff, 0xff, 0xff, 0xff, 0xff, 0xff, 0x00, 0xff, 0xff, 0xff, 0x00,
	0xff, 0xff, 0xff, 0x00, 0xff, 0xff, 0xff, 0xff, 0xff, 0xff, 0xff, 0x00, 0xff, 0xff, 0xff, 0x00,
	0xff, 0xff, 0xff, 0x00, 0xff, 0xff, 0xff, 0xff, 0xff, 0xff, 0xff, 0x00, 0xff, 0xff, 0xff, 0x00,
	0xff, 0xff, 0xff, 0x00, 0xff, 0xff, 0xff, 0x00, 0xff, 0xff, 0xff, 0x00, 0xff, 0xff, 0xff, 0xff,
	0xff, 0xff, 0xff, 0x00, 0xff, 0xff, 0xff, 0x00, 0xff, 0xff, 0xff, 0x00, 0xff, 0xff, 0xff, 0x00,
	0xff, 0xff, 0xff, 0xff, 0xff, 0xff, 0xff, 0x00, 0xff, 0xff, 0xff, 0x00, 0xff, 0xff, 0xff, 0x00,
	0xff, 0xff, 0xff, 0x00, 0xff, 0xff, 0xff, 0xff, 0xff, 0xff, 0xff, 0xff, 0xff, 0xff, 0xff, 0xff,
	0xff, 0xff, 0xff, 0xff, 0xff, 0xff, 0xff, 0xff, 0xff, 0xff, 0xff, 0x00, 0xff, 0xff, 0xff, 0x00,
	0xff, 0xff, 0xff, 0x00, 0xff, 0xff, 0xff, 0x00, 0xff, 0xff, 0xff, 0xff, 0xff, 0xff, 0xff, 0x00,
	0xff, 0xff, 0xff, 0x00, 0xff, 0xff, 0xff, 0xff, 0xff, 0xff, 0xff, 0x00, 0xff, 0xff, 0xff, 0x00,
	0xff, 0xff, 0xff, 0x00, 0xff, 0xff, 0xff, 0xff, 0xff, 0xff, 0xff, 0x00, 0xff, 0xff, 0xff, 0xff,
	0xff, 0xff, 0xff, 0x00, 0xff, 0xff, 0xff, 0xff, 0xff, 0xff, 0xff, 0xff, 0xff, 0xff, 0xff, 0xff,
	0xff, 0xff, 0xff, 0x00, 0xff, 0xff, 0xff, 0xff, 0xff, 0xff, 0xff, 0x00, 0xff, 0xff, 0xff, 0x00,
	0xff, 0xff, 0xff, 0x00, 0xff, 0xff, 0xff, 0xff, 0xff, 0xff, 0xff, 0x00, 0xff, 0xff, 0xff, 0xff,
	0xff, 0xff, 0xff, 0x00, 0xff, 0xff, 0xff, 0x00, 0xff, 0xff, 0xff, 0x00, 0xff, 0xff, 0xff, 0xff,
	0xff, 0xff, 0xff, 0x00, 0xff, 0xff, 0xff, 0xff, 0xff, 0xff, 0xff, 0x00, 0xff, 0xff, 0xff, 0x00,
	0xff, 0xff, 0xff, 0x00, 0xff, 0xff, 0xff, 0x00, 0x00, 0x00, 0x00, 0x00, 0xff, 0xff, 0xff, 0x00,
	0xff, 0xff, 0xff, 0xff, 0xff, 0xff, 0xff, 0xff, 0xff, 0xff, 0xff, 0xff, 0xff, 0xff, 0xff, 0x00,
	0xff, 0xff, 0xff, 0x00, 0xff, 0xff, 0xff, 0x00, 0xff, 0xff, 0xff, 0xff, 0xff, 0xff, 0xff, 0xff,
	0xff, 0xff, 0xff, 0xff, 0xff, 0xff, 0xff, 0xff, 0xff, 0xff, 0xff, 0x00, 0xff, 0xff, 0xff, 0x00,
	0xff, 0xff, 0xff, 0x00, 0xff, 0xff, 0xff, 0x00, 0xff, 0xff, 0xff, 0x00, 0xff, 0xff, 0xff, 0x00,
	0xff, 0xff, 0xff, 0x00, 0xff, 0xff, 0xff, 0x00, 0xff, 0xff, 0xff, 0x00, 0xff, 0xff, 0xff, 0x00,
	0xff, 0xff, 0xff, 0x00, 0xff, 0xff, 0xff, 0x00, 0xff, 0xff, 0xff, 0x00, 0xff, 0xff, 0xff, 0xff,
	0xff, 0xff, 0xff, 0x00, 0xff, 0xff, 0xff, 0x00, 0xff, 0xff, 0xff, 0x00, 0xff, 0xff, 0xff, 0x00,
	0xff, 0xff, 0xff, 0x00, 0xff, 0xff, 0xff, 0x00, 0xff, 0xff, 0xff, 0x00, 0xff, 0xff, 0xff, 0x00,
	0xff, 0xff, 0xff, 0x00, 0xff, 0xff, 0xff, 0x00, 0xff, 0xff, 0xff, 0x00, 0xff, 0xff, 0xff, 0x00,
	0xff, 0xff, 0xff, 0x00, 0xff, 0xff, 0xff, 0x00, 0xff, 0xff, 0xff, 0x00, 0xff, 0xff, 0xff, 0xff,
	0xff, 0xff, 0xff, 0x00, 0xff, 0xff, 0xff, 0x00, 0xff, 0xff, 0xff, 0x00, 0xff, 0xff, 0xff, 0x00,
	0xff, 0xff, 0xff, 0xff, 0xff, 0xff, 0xff, 0x00, 0xff, 0xff, 0xff, 0x00, 0xff, 0xff, 0xff, 0xff,
	0xff, 0xff, 0xff, 0x00, 0xff, 0xff, 0xff, 0xff, 0xff, 0xff, 0xff, 0x00, 0xff, 0xff, 0xff, 0xff,
	0xff, 0xff, 0xff, 0x00, 0xff, 0xff, 0xff, 0xff, 0xff, 0xff, 0xff, 0x00, 0xff, 0xff, 0xff, 0x00,
	0xff, 0xff, 0xff, 0x00, 0xff, 0xff, 0xff, 0xff, 0xff, 0xff, 0xff, 0x00, 0xff, 0xff, 0xff, 0xff,
	0xff, 0xff, 0xff, 0xff, 0xff, 0xff, 0xff, 0xff, 0xff, 0xff, 0xff, 0xff, 0xff, 0xff, 0xff, 0x00,
	0xff, 0xff, 0xff, 0x00, 0xff, 0xff, 0xff, 0xff, 0xff, 0xff, 0xff, 0x00, 0xff, 0xff, 0xff, 0x00,
	0xff, 0xff, 0xff, 0x00, 0xff, 0xff, 0xff, 0x00, 0x00, 0x00, 0x00, 0x00, 0xff, 0xff, 0xff, 0xff,
	0xff, 0xff, 0xff, 0x00, 0xff, 0xff, 0xff, 0x00, 0xff, 0xff, 0xff, 0x00, 0xff, 0xff, 0xff, 0xff,
	0xff, 0xff, 0xff, 0x00, 0xff, 0xff, 0xff, 0x00, 0xff, 0xff, 0xff, 0x00, 0xff, 0xff, 0xff, 0x00,
	0xff, 0xff, 0xff, 0x00, 0xff, 0xff, 0xff, 0xff, 0xff, 0xff, 0xff, 0x00, 0xff, 0xff, 0xff, 0x00,
	0xff, 0xff, 0xff, 0x00, 0xff, 0xff, 0xff, 0xff, 0xff, 0xff, 0xff, 0x00, 0xff, 0xff, 0xff, 0x00,
	0xff, 0xff, 0xff, 0x00, 0xff, 0xff, 0xff, 0x00, 0xff, 0xff, 0xff, 0x00, 0xff, 0xff, 0xff, 0xff,
	0xff, 0xff, 0xff, 0x00, 0xff, 0xff, 0xff, 0x00, 0xff, 0xff, 0xff, 0x00, 0xff, 0xff, 0xff, 0x00,
	0xff, 0xff, 0xff, 0xff, 0xff, 0xff, 0xff, 0x00, 0xff, 0xff, 0xff, 0x00, 0xff, 0xff, 0xff, 0x00,
	0xff, 0xff, 0xff, 0x00, 0xff, 0xff, 0xff, 0xff, 0xff, 0xff, 0xff, 0xff, 0xff, 0xff, 0xff, 0xff,
	0xff, 0xff, 0xff, 0xff, 0xff, 0xff, 0xff, 0xff, 0xff, 0xff, 0xff, 0x00, 0xff, 0xff, 0xff, 0x00,
	0xff, 0xff, 0xff, 0x00, 0xff, 0xff, 0xff, 0x00, 0xff, 0xff, 0xff, 0xff, 0xff, 0xff, 0xff, 0x00,
	0xff, 0xff, 0xff, 0x00, 0xff, 0xff, 0xff, 0x00, 0xff, 0xff, 0xff, 0x00, 0xff, 0xff, 0xff, 0xff,
	0xff, 0xff, 0xff, 0x00, 0xff, 0xff, 0xff, 0x00, 0xff, 0xff, 0xff, 0x00, 0xff, 0xff, 0xff, 0xff,
	0xff, 0xff, 0xff, 0x00, 0xff, 0xff, 0xff, 0xff, 0xff, 0xff, 0xff, 0xff, 0xff, 0xff, 0xff, 0xff,
	0xff, 0xff, 0xff, 0x00, 0xff, 0xff, 0xff, 0xff, 0xff, 0xff, 0xff, 0xff, 0xff, 0xff, 0xff, 0xff,
	0xff, 0xff, 0xff, 0xff, 0xff, 0xff, 0xff, 0xff, 0xff, 0xff, 0xff, 0x00, 0xff, 0xff, 0xff, 0xff,
	0xff, 0xff, 0xff, 0x00, 0xff, 0xff, 0xff, 0x00, 0xff, 0xff, 0xff, 0x00, 0xff, 0xff, 0xff, 0xff,
	0xff, 0xff, 0xff, 0x00, 0xff, 0xff, 0xff, 0xff, 0xff, 0xff, 0xff, 0x00, 0xff, 0xff, 0xff, 0x00,
	0xff, 0xff, 0xff, 0x00, 0xff, 0xff, 0xff, 0x00, 0x00, 0x00, 0x00, 0x00, 0xff, 0xff, 0xff, 0xff,
	0xff, 0xff, 0xff, 0x00, 0xff, 0xff, 0xff, 0x00, 0xff, 0xff, 0xff, 0x00, 0xff, 0xff, 0xff, 0xff,
	0xff, 0xff, 0xff, 0x00, 0xff, 0xff, 0xff, 0xff, 0xff, 0xff, 0xff, 0x00, 0xff, 0xff, 0xff, 0x00,
	0xff, 0xff, 0xff, 0x00, 0xff, 0xff, 0xff, 0xff, 0xff, 0xff, 0xff, 0x00, 0xff, 0xff, 0xff, 0x00,
	0xff, 0xff, 0xff, 0x00, 0xff, 0xff, 0xff, 0xff, 0xff, 0xff, 0xff, 0x00, 0xff, 0xff, 0xff, 0x00,
	0xff, 0xff, 0xff, 0x00, 0xff, 0xff, 0xff, 0x00, 0xff, 0xff, 0xff, 0x00, 0xff, 0xff, 0xff, 0xff,
	0xff, 0xff, 0xff, 0x00, 0xff, 0xff, 0xff, 0x00, 0xff, 0xff, 0xff, 0x00, 0xff, 0xff, 0xff, 0x00,
	0xff, 0xff, 0xff, 0x00, 0xff, 0xff, 0xff, 0xff, 0xff, 0xff, 0xff, 0x00, 0xff, 0xff, 0xff, 0x00,
	0xff, 0xff, 0xff, 0x00, 0xff, 0xff, 0xff, 0x00, 0xff, 0xff, 0xff, 0x00, 0xff, 0xff, 0xff, 0x00,
	0xff, 0xff, 0xff, 0x00, 0xff, 0xff, 0xff, 0x00, 0xff, 0xff, 0xff, 0x00, 0xff, 0xff, 0xff, 0x00,
	0xff, 0xff, 0xff, 0x00, 0xff, 0xff, 0xff, 0xff, 0xff, 0xff, 0xff, 0x00, 0xff, 0xff, 0xff, 0x00,
	0xff, 0xff, 0xff, 0x00, 0xff, 0xff, 0xff, 0x00, 0xff, 0xff, 0xff, 0x00, 0xff, 0xff, 0xff, 0x00,
	0xff, 0xff, 0xff, 0x00, 0xff, 0xff, 0xff, 0x00, 0xff, 0xff, 0xff, 0x00, 0xff, 0xff, 0xff, 0xff,
	0xff, 0xff, 0xff, 0x00, 0xff, 0xff, 0xff, 0x00, 0xff, 0xff, 0xff, 0x00, 0xff, 0xff, 0xff, 0x00,
	0xff, 0xff, 0xff, 0x00, 0xff, 0xff, 0xff, 0xff, 0xff, 0xff, 0xff, 0x00, 0xff, 0xff, 0xff, 0x00,
	0xff, 0xff, 0xff, 0x00, 0xff, 0xff, 0xff, 0xff, 0xff, 0xff, 0xff, 0x00, 0xff, 0xff, 0xff, 0xff,
	0xff, 0xff, 0xff, 0x00, 0xff, 0xff, 0xff, 0x00, 0xff, 0xff, 0xff, 0x00, 0xff, 0xff, 0xff, 0xff,
	0xff, 0xff, 0xff, 0x00, 0xff, 0xff, 0xff, 0xff, 0xff, 0xff, 0xff, 0x00, 0xff, 0xff, 0xff, 0x00,
	0xff, 0xff, 0xff, 0x00, 0xff, 0xff, 0xff, 0xff, 0x00, 0x00, 0x00, 0x00, 0xff, 0xff, 0xff, 0x00,
	0xff, 0xff, 0xff, 0xff, 0xff, 0xff, 0xff, 0xff, 0xff, 0xff, 0xff, 0xff, 0xff, 0xff, 0xff, 0x00,
	0xff, 0xff, 0xff, 0x00, 0xff, 0xff, 0xff, 0x00, 0xff, 0xff, 0xff, 0xff, 0xff, 0xff, 0xff, 0xff,
	0xff, 0xff, 0xff, 0xff, 0xff, 0xff, 0xff, 0x00, 0xff, 0xff, 0xff, 0x00, 0xff, 0xff, 0xff, 0x00,
	0xff, 0xff, 0xff, 0x00, 0xff, 0xff, 0xff, 0x00, 0xff, 0xff, 0xff, 0x00, 0xff, 0xff, 0xff, 0x00,
	0xff, 0xff, 0xff, 0x00, 0xff, 0xff, 0xff, 0x00, 0xff, 0xff, 0xff, 0xff, 0xff, 0xff, 0xff, 0x00,
	0xff, 0xff, 0xff, 0x00, 0xff, 0xff, 0xff, 0x00, 0xff, 0xff, 0xff, 0x00, 0xff, 0xff, 0xff, 0x00,
	0xff, 0xff, 0xff, 0x00, 0xff, 0xff, 0xff, 0x00, 0xff, 0xff, 0xff, 0xff, 0xff, 0xff, 0xff, 0x00,
	0xff, 0xff, 0xff, 0x00, 0xff, 0xff, 0xff, 0x00, 0xff, 0xff, 0xff, 0x00, 0xff, 0xff, 0xff, 0x00,
	0xff, 0xff, 0xff, 0x00, 0xff, 0xff, 0xff, 0x00, 0xff, 0xff, 0xff, 0x00, 0xff, 0xff, 0xff, 0x00,
	0xff, 0xff, 0xff, 0xff, 0xff, 0xff, 0xff, 0x00, 0xff, 0xff, 0xff, 0x00, 0xff, 0xff, 0xff, 0x00,
	0xff, 0xff, 0xff, 0x00, 0xff, 0xff, 0xff, 0x00, 0xff, 0xff, 0xff, 0x00, 0xff, 0xff, 0xff, 0xff,
	0xff, 0xff, 0xff, 0x00, 0xff, 0xff, 0xff, 0x00, 0xff, 0xff, 0xff, 0x00, 0xff, 0xff, 0xff, 0x00,
	0xff, 0xff, 0xff, 0xff, 0xff, 0xff, 0xff, 0xff, 0xff, 0xff, 0xff, 0xff, 0xff, 0xff, 0xff, 0x00,
	0xff, 0xff, 0xff, 0x00, 0xff, 0xff, 0xff, 0xff, 0xff, 0xff, 0xff, 0x00, 0xff, 0xff, 0xff, 0x00,
	0xff, 0xff, 0xff, 0x00, 0xff, 0xff, 0xff, 0xff, 0xff, 0xff, 0xff, 0x00, 0xff, 0xff, 0xff, 0xff,
	0xff, 0xff, 0xff, 0xff, 0xff, 0xff, 0xff, 0xff, 0xff, 0xff, 0xff, 0xff, 0xff, 0xff, 0xff, 0x00,
	0xff, 0xff, 0xff, 0x00, 0xff, 0xff, 0xff, 0x00, 0xff, 0xff, 0xff, 0xff, 0xff, 0xff, 0xff, 0xff,
	0xff, 0xff, 0xff, 0xff, 0xff, 0xff, 0xff, 0x00, 0x00, 0x00, 0x00, 0x00, 0xff, 0xff, 0xff, 0x00,
	0xff, 0xff, 0xff, 0x00, 0xff, 0xff, 0xff, 0x00, 0xff, 0xff, 0xff, 0x00, 0xff, 0xff, 0xff, 0x00,
	0xff, 0xff, 0xff, 0x00, 0xff, 0xff, 0xff, 0x00, 0xff, 0xff, 0xff, 0x00, 0xff, 0xff, 0xff, 0x00,
	0xff, 0xff, 0xff, 0x00, 0xff, 0xff, 0xff, 0x00, 0xff, 0xff, 0xff, 0x00, 0xff, 0xff, 0xff, 0x00,
	0xff, 0xff, 0xff, 0x00, 0xff, 0xff, 0xff, 0x00, 0xff, 0xff, 0xff, 0x00, 0xff, 0xff, 0xff, 0x00,
	0xff, 0xff, 0xff, 0x00, 0xff, 0xff, 0xff, 0x00, 0xff, 0xff, 0xff, 0x00, 0xff, 0xff, 0xff, 0x00,
	0xff, 0xff, 0xff, 0x00, 0xff, 0xff, 0xff, 0x00, 0xff, 0xff, 0xff, 0x00, 0xff, 0xff, 0xff, 0x00,
	0xff, 0xff, 0xff, 0x00, 0xff, 0xff, 0xff, 0x00, 0xff, 0xff, 0xff, 0x00, 0xff, 0xff, 0xff, 0x00,
	0xff, 0xff, 0xff, 0x00, 0xff, 0xff, 0xff, 0x00, 0xff, 0xff, 0xff, 0x00, 0xff, 0xff, 0xff, 0x00,
	0xff, 0xff, 0xff, 0x00, 0xff, 0xff, 0xff, 0x00, 0xff, 0xff, 0xff, 0x00, 0xff, 0xff, 0xff, 0x00,
	0xff, 0xff, 0xff, 0x00, 0xff, 0xff, 0xff, 0x00, 0xff, 0xff, 0xff, 0x00, 0xff, 0xff, 0xff, 0x00,
	0xff, 0xff, 0xff, 0x00, 0xff, 0xff, 0xff, 0x00, 0xff, 0xff, 0xff, 0x00, 0xff, 0xff, 0xff, 0x00,
	0xff, 0xff, 0xff, 0x00, 0xff, 0xff, 0xff, 0x00, 0xff, 0xff, 0xff, 0x00, 0xff, 0xff, 0xff, 0x00,
	0xff, 0xff, 0xff, 0x00, 0xff, 0xff, 0xff, 0x00, 0xff, 0xff, 0xff, 0x00, 0xff, 0xff, 0xff, 0x00,
	0xff, 0xff, 0xff, 0x00, 0xff, 0xff, 0xff, 0x00, 0xff, 0xff, 0xff, 0x00, 0xff, 0xff, 0xff, 0x00,
	0xff, 0xff, 0xff, 0x00, 0xff, 0xff, 0xff, 0x00, 0xff, 0xff, 0xff, 0x00, 0xff, 0xff, 0xff, 0x00,
	0xff, 0xff, 0xff, 0x00, 0xff, 0xff, 0xff, 0x00, 0xff, 0xff, 0xff, 0x00, 0xff, 0xff, 0xff, 0x00,
	0xff, 0xff, 0xff, 0x00, 0xff, 0xff, 0xff, 0x00, 0xff, 0xff, 0xff, 0x00, 0xff, 0xff, 0xff, 0x00,
	0xff, 0xff, 0xff, 0x00, 0xff, 0xff, 0xff, 0x00, 0x00, 0x00, 0x00, 0x00, 0xff, 0xff, 0xff, 0xff,
	0xff, 0xff, 0xff, 0xff, 0xff, 0xff, 0xff, 0xff, 0xff, 0xff, 0xff, 0xff, 0xff, 0xff, 0xff, 0x00,
	0xff, 0xff, 0xff, 0x00, 0xff, 0xff, 0xff, 0xff, 0xff, 0xff, 0xff, 0xff, 0xff, 0xff, 0xff, 0xff,
	0xff, 0xff, 0xff, 0xff, 0xff, 0xff, 0xff, 0xff, 0xff, 0xff, 0xff, 0x00, 0xff, 0xff, 0xff, 0xff,
	0xff, 0xff, 0xff, 0xff, 0xff, 0xff, 0xff, 0xff, 0xff, 0xff, 0xff, 0xff, 0xff, 0xff, 0xff, 0xff,
	0xff, 0xff, 0xff, 0x00, 0xff, 0xff, 0xff, 0x00, 0xff, 0xff, 0xff, 0xff, 0xff, 0xff, 0xff, 0xff,
	0xff, 0xff, 0xff, 0xff, 0xff, 0xff, 0xff, 0x00, 0xff, 0xff, 0xff, 0x00, 0xff, 0xff, 0xff, 0xff,
	0xff, 0xff, 0xff, 0x00, 0xff, 0xff, 0xff, 0x00, 0xff, 0xff, 0xff, 0x00, 0xff, 0xff, 0xff, 0xff,
	0xff, 0xff, 0xff, 0x00, 0xff, 0xff, 0xff, 0xff, 0xff, 0xff, 0xff, 0xff, 0xff, 0xff, 0xff, 0xff,
	0xff, 0xff, 0xff, 0xff, 0xff, 0xff, 0xff, 0xff, 0xff, 0xff, 0xff, 0x00, 0xff, 0xff, 0xff, 0x00,
	0xff, 0xff, 0xff, 0x00, 0xff, 0xff, 0xff, 0xff, 0xff, 0xff, 0xff, 0xff, 0xff, 0xff, 0xff, 0xff,
	0xff, 0xff, 0xff, 0x00, 0xff, 0xff, 0xff, 0xff, 0xff, 0xff, 0xff, 0x00, 0xff, 0xff, 0xff, 0x00,
	0xff, 0xff, 0xff, 0x00, 0xff, 0xff, 0xff, 0xff, 0xff, 0xff, 0xff, 0x00, 0xff, 0xff, 0xff, 0xff,
	0xff, 0xff, 0xff, 0x00, 0xff, 0xff, 0xff, 0x00, 0xff, 0xff, 0xff, 0x00, 0xff, 0xff, 0xff, 0x00,
	0xff, 0xff, 0xff, 0x00, 0xff, 0xff, 0xff, 0xff, 0xff, 0xff, 0xff, 0x00, 0xff, 0xff, 0xff, 0x00,
	0xff, 0xff, 0xff, 0x00, 0xff, 0xff, 0xff, 0xff, 0xff, 0xff, 0xff, 0x00, 0xff, 0xff, 0xff, 0xff,
	0xff, 0xff, 0xff, 0x00, 0xff, 0xff, 0xff, 0x00, 0xff, 0xff, 0xff, 0x00, 0xff, 0xff, 0xff, 0xff,
	0xff, 0xff, 0xff, 0x00, 0xff, 0xff, 0xff, 0x00, 0xff, 0xff, 0xff, 0xff, 0xff, 0xff, 0xff, 0xff,
	0xff, 0xff, 0xff, 0xff, 0xff, 0xff, 0xff, 0x00, 0x00, 0x00, 0x00, 0x00, 0xff, 0xff, 0xff, 0xff,
	0xff, 0xff, 0xff, 0x00, 0xff, 0xff, 0xff, 0x00, 0xff, 0xff, 0xff, 0x00, 0xff, 0xff, 0xff, 0xff,
	0xff, 0xff, 0xff, 0x00, 0xff, 0xff, 0xff, 0xff, 0xff, 0xff, 0xff, 0x00, 0xff, 0xff, 0xff, 0x00,
	0xff, 0xff, 0xff, 0x00, 0xff, 0xff, 0xff, 0x00, 0xff, 0xff, 0xff, 0x00, 0xff, 0xff, 0xff, 0xff,
	0xff, 0xff, 0xff, 0x00, 0xff, 0xff, 0xff, 0x00, 0xff, 0xff, 0xff, 0x00, 0xff, 0xff, 0xff, 0x00,
	0xff, 0xff, 0xff, 0x00, 0xff, 0xff, 0xff, 0xff, 0xff, 0xff, 0xff, 0x00, 0xff, 0xff, 0xff, 0x00,
	0xff, 0xff, 0xff, 0x00, 0xff, 0xff, 0xff, 0xff, 0xff, 0xff, 0xff, 0x00, 0xff, 0xff, 0xff, 0xff,
	0xff, 0xff, 0xff, 0x00, 0xff, 0xff, 0xff, 0x00, 0xff, 0xff, 0xff, 0x00, 0xff, 0xff, 0xff, 0xff,
	0xff, 0xff, 0xff, 0x00, 0xff, 0xff, 0xff, 0x00, 0xff, 0xff, 0xff, 0x00, 0xff, 0xff, 0xff, 0xff,
	0xff, 0xff, 0xff, 0x00, 0xff, 0xff, 0xff, 0x00, 0xff, 0xff, 0xff, 0x00, 0xff, 0xff, 0xff, 0x00,
	0xff, 0xff, 0xff, 0x00, 0xff, 0xff, 0xff, 0x00, 0xff, 0xff, 0xff, 0x00, 0xff, 0xff, 0xff, 0xff,
	0xff, 0xff, 0xff, 0x00, 0xff, 0xff, 0xff, 0xff, 0xff, 0xff, 0xff, 0x00, 0xff, 0xff, 0xff, 0x00,
	0xff, 0xff, 0xff, 0xff, 0xff, 0xff, 0xff, 0x00, 0xff, 0xff, 0xff, 0x00, 0xff, 0xff, 0xff, 0xff,
	0xff, 0xff, 0xff, 0x00, 0xff, 0xff, 0xff, 0x00, 0xff, 0xff, 0xff, 0x00, 0xff, 0xff, 0xff, 0x00,
	0xff, 0xff, 0xff, 0x00, 0xff, 0xff, 0xff, 0xff, 0xff, 0xff, 0xff, 0xff, 0xff, 0xff, 0xff, 0x00,
	0xff, 0xff, 0xff, 0xff, 0xff, 0xff, 0xff, 0xff, 0xff, 0xff, 0xff, 0x00, 0xff, 0xff, 0xff, 0xff,
	0xff, 0xff, 0xff, 0xff, 0xff, 0xff, 0xff, 0x00, 0xff, 0xff, 0xff, 0x00, 0xff, 0xff, 0xff, 0xff,
	0xff, 0xff, 0xff, 0x00, 0xff, 0xff, 0xff, 0xff, 0xff, 0xff, 0xff, 0x00, 0xff, 0xff, 0xff, 0x00,
	0xff, 0xff, 0xff, 0x00, 0xff, 0xff, 0xff, 0xff, 0x00, 0x00, 0x00, 0x00, 0xff, 0xff, 0xff, 0xff,
	0xff, 0xff, 0xff, 0x00, 0xff, 0xff, 0xff, 0x00, 0xff, 0xff, 0xff, 0x00, 0xff, 0xff, 0xff, 0xff,
	0xff, 0xff, 0xff, 0x00, 0xff, 0xff, 0xff, 0xff, 0xff, 0xff, 0xff, 0x00, 0xff, 0xff, 0xff, 0x00,
	0xff, 0xff, 0xff, 0x00, 0xff, 0xff, 0xff, 0x00, 0xff, 0xff, 0xff, 0x00, 0xff, 0xff, 0xff, 0xff,
	0xff, 0xff, 0xff, 0x00, 0xff, 0xff, 0xff, 0x00, 0xff, 0xff, 0xff, 0x00, 0xff, 0xff, 0xff, 0x00,
	0xff, 0xff, 0xff, 0x00, 0xff, 0xff, 0xff, 0xff, 0xff, 0xff, 0xff, 0x00, 0xff, 0xff, 0xff, 0x00,
	0xff, 0xff, 0xff, 0x00, 0xff, 0xff, 0xff, 0x00, 0xff, 0xff, 0xff, 0x00, 0xff, 0xff, 0xff, 0xff,
	0xff, 0xff, 0xff, 0x00, 0xff, 0xff, 0xff, 0x00, 0xff, 0xff, 0xff, 0x00, 0xff, 0xff, 0xff, 0xff,
	0xff, 0xff, 0xff, 0x00, 0xff, 0xff, 0xff, 0x00, 0xff, 0xff, 0xff, 0x00, 0xff, 0xff, 0xff, 0xff,
	0xff, 0xff, 0xff, 0x00, 0xff, 0xff, 0xff, 0x00, 0xff, 0xff, 0xff, 0x00, 0xff, 0xff, 0xff, 0x00,
	0xff, 0xff, 0xff, 0x00, 0xff, 0xff, 0xff, 0x00, 0xff, 0xff, 0xff, 0x00, 0xff, 0xff, 0xff, 0xff,
	0xff, 0xff, 0xff, 0x00, 0xff, 0xff, 0xff, 0xff, 0xff, 0xff, 0xff, 0x00, 0xff, 0xff, 0xff, 0xff,
	0xff, 0xff, 0xff, 0x00, 0xff, 0xff, 0xff, 0x00, 0xff, 0xff, 0xff, 0x00, 0xff, 0xff, 0xff, 0xff,
	0xff, 0xff, 0xff, 0x00, 0xff, 0xff, 0xff, 0x00, 0xff, 0xff, 0xff, 0x00, 0xff, 0xff, 0xff, 0x00,
	0xff, 0xff, 0xff, 0x00, 0xff, 0xff, 0xff, 0xff, 0xff, 0xff, 0xff, 0x00, 0xff, 0xff, 0xff, 0xff,
	0xff, 0xff, 0xff, 0x00, 0xff, 0xff, 0xff, 0xff, 0xff, 0xff, 0xff, 0x00, 0xff, 0xff, 0xff, 0xff,
	0xff, 0xff, 0xff, 0x00, 0xff, 0xff, 0xff, 0xff, 0xff, 0xff, 0xff, 0x00, 0xff, 0xff, 0xff, 0xff,
	0xff, 0xff, 0xff, 0x00, 0xff, 0xff, 0xff, 0xff, 0xff, 0xff, 0xff, 0x00, 0xff, 0xff, 0xff, 0x00,
	0xff, 0xff, 0xff, 0x00, 0xff, 0xff, 0xff, 0xff, 0x00, 0x00, 0x00, 0x00, 0xff, 0xff, 0xff, 0xff,
	0xff, 0xff, 0xff, 0x00, 0xff, 0xff, 0xff, 0x00, 0xff, 0xff, 0xff, 0x00, 0xff, 0xff, 0xff, 0xff,
	0xff, 0xff, 0xff, 0x00, 0xff, 0xff, 0xff, 0xff, 0xff, 0xff, 0xff, 0xff, 0xff, 0xff, 0xff, 0xff,
	0xff, 0xff, 0xff, 0xff, 0xff, 0xff, 0xff, 0x00, 0xff, 0xff, 0xff, 0x00, 0xff, 0xff, 0xff, 0xff,
	0xff, 0xff, 0xff, 0xff, 0xff, 0xff, 0xff, 0xff, 0xff, 0xff, 0xff, 0xff, 0xff, 0xff, 0xff, 0x00,
	0xff, 0xff, 0xff, 0x00, 0xff, 0xff, 0xff, 0xff, 0xff, 0xff, 0xff, 0x00, 0xff, 0xff, 0xff, 0x00,
	0xff, 0xff, 0xff, 0x00, 0xff, 0xff, 0xff, 0x00, 0xff, 0xff, 0xff, 0x00, 0xff, 0xff, 0xff, 0xff,
	0xff, 0xff, 0xff, 0xff, 0xff, 0xff, 0xff, 0xff, 0xff, 0xff, 0xff, 0xff, 0xff, 0xff, 0xff, 0xff,
	0xff, 0xff, 0xff, 0x00, 0xff, 0xff, 0xff, 0x00, 0xff, 0xff, 0xff, 0x00, 0xff, 0xff, 0xff, 0xff,
	0xff, 0xff, 0xff, 0x00, 0xff, 0xff, 0xff, 0x00, 0xff, 0xff, 0xff, 0x00, 0xff, 0xff, 0xff, 0x00,
	0xff, 0xff, 0xff, 0x00, 0xff, 0xff, 0xff, 0x00, 0xff, 0xff, 0xff, 0x00, 0xff, 0xff, 0xff, 0xff,
	0xff, 0xff, 0xff, 0x00, 0xff, 0xff, 0xff, 0xff, 0xff, 0xff, 0xff, 0xff, 0xff, 0xff, 0xff, 0x00,
	0xff, 0xff, 0xff, 0x00, 0xff, 0xff, 0xff, 0x00, 0xff, 0xff, 0xff, 0x00, 0xff, 0xff, 0xff, 0xff,
	0xff, 0xff, 0xff, 0x00, 0xff, 0xff, 0xff, 0x00, 0xff, 0xff, 0xff, 0x00, 0xff, 0xff, 0xff, 0x00,
	0xff, 0xff, 0xff, 0x00, 0xff, 0xff, 0xff, 0xff, 0xff, 0xff, 0xff, 0x00, 0xff, 0xff, 0xff, 0xff,
	0xff, 0xff, 0xff, 0x00, 0xff, 0xff, 0xff, 0xff, 0xff, 0xff, 0xff, 0x00, 0xff, 0xff, 0xff, 0xff,
	0xff, 0xff, 0xff, 0x00, 0xff, 0xff, 0xff, 0x00, 0xff, 0xff, 0xff, 0xff, 0xff, 0xff, 0xff, 0xff,
	0xff, 0xff, 0xff, 0x00, 0xff, 0xff, 0xff, 0xff, 0xff, 0xff, 0xff, 0x00, 0xff, 0xff, 0xff, 0x00,
	0xff, 0xff, 0xff, 0x00, 0xff, 0xff, 0xff, 0xff, 0x00, 0x00, 0x00, 0x00, 0xff, 0xff, 0xff, 0xff,
	0xff, 0xff, 0xff, 0x00, 0xff, 0xff, 0xff, 0x00, 0xff, 0xff, 0xff, 0x00, 0xff, 0xff, 0xff, 0xff,
	0xff, 0xff, 0xff, 0x00, 0xff, 0xff, 0xff, 0xff, 0xff, 0xff, 0xff, 0x00, 0xff, 0xff, 0xff, 0x00,
	0xff, 0xff, 0xff, 0x00, 0xff, 0xff, 0xff, 0x00, 0xff, 0xff, 0xff, 0x00, 0xff, 0xff, 0xff, 0xff,
	0xff, 0xff, 0xff, 0x00, 0xff, 0xff, 0xff, 0x00, 0xff, 0xff, 0xff, 0x00, 0xff, 0xff, 0xff, 0x00,
	0xff, 0xff, 0xff, 0x00, 0xff, 0xff, 0xff, 0xff, 0xff, 0xff, 0xff, 0x00, 0xff, 0xff, 0xff, 0x00,
	0xff, 0xff, 0xff, 0xff, 0xff, 0xff, 0xff, 0xff, 0xff, 0xff, 0xff, 0x00, 0xff, 0xff, 0xff, 0xff,
	0xff, 0xff, 0xff, 0x00, 0xff, 0xff, 0xff, 0x00, 0xff, 0xff, 0xff, 0x00, 0xff, 0xff, 0xff, 0xff,
	0xff, 0xff, 0xff, 0x00, 0xff, 0xff, 0xff, 0x00, 0xff, 0xff, 0xff, 0x00, 0xff, 0xff, 0xff, 0xff,
	0xff, 0xff, 0xff, 0x00, 0xff, 0xff, 0xff, 0x00, 0xff, 0xff, 0xff, 0x00, 0xff, 0xff, 0xff, 0x00,
	0xff, 0xff, 0xff, 0x00, 0xff, 0xff, 0xff, 0x00, 0xff, 0xff, 0xff, 0x00, 0xff, 0xff, 0xff, 0xff,
	0xff, 0xff, 0xff, 0x00, 0xff, 0xff, 0xff, 0xff, 0xff, 0xff, 0xff, 0x00, 0xff, 0xff, 0xff, 0xff,
	0xff, 0xff, 0xff, 0x00, 0xff, 0xff, 0xff, 0x00, 0xff, 0xff, 0xff, 0x00, 0xff, 0xff, 0xff, 0xff,
	0xff, 0xff, 0xff, 0x00, 0xff, 0xff, 0xff, 0x00, 0xff, 0xff, 0xff, 0x00, 0xff, 0xff, 0xff, 0x00,
	0xff, 0xff, 0xff, 0x00, 0xff, 0xff, 0xff, 0xff, 0xff, 0xff, 0xff, 0x00, 0xff, 0xff, 0xff, 0x00,
	0xff, 0xff, 0xff, 0x00, 0xff, 0xff, 0xff, 0xff, 0xff, 0xff, 0xff, 0x00, 0xff, 0xff, 0xff, 0xff,
	0xff, 0xff, 0xff, 0x00, 0xff, 0xff, 0xff, 0x00, 0xff, 0xff, 0xff, 0x00, 0xff, 0xff, 0xff, 0xff,
	0xff, 0xff, 0xff, 0x00, 0xff, 0xff, 0xff, 0xff, 0xff, 0xff, 0xff, 0x00, 0xff, 0xff, 0xff, 0x00,
	0xff, 0xff, 0xff, 0x00, 0xff, 0xff, 0xff, 0xff, 0x00, 0x00, 0x00, 0x00, 0xff, 0xff, 0xff, 0xff,
	0xff, 0xff, 0xff, 0x00, 0xff, 0xff, 0xff, 0x00, 0xff, 0xff, 0xff, 0x00, 0xff, 0xff, 0xff, 0xff,
	0xff, 0xff, 0xff, 0x00, 0xff, 0xff, 0xff, 0xff, 0xff, 0xff, 0xff, 0x00, 0xff, 0xff, 0xff, 0x00,
	0xff, 0xff, 0xff, 0x00, 0xff, 0xff, 0xff, 0x00, 0xff, 0xff, 0xff, 0x00, 0xff, 0xff, 0xff, 0xff,
	0xff, 0xff, 0xff, 0x00, 0xff, 0xff, 0xff, 0x00, 0xff, 0xff, 0xff, 0x00, 0xff, 0xff, 0xff, 0x00,
	0xff, 0xff, 0xff, 0x00, 0xff, 0xff, 0xff, 0xff, 0xff, 0xff, 0xff, 0x00, 0xff, 0xff, 0xff, 0x00,
	0xff, 0xff, 0xff, 0x00, 0xff, 0xff, 0xff, 0xff, 0xff, 0xff, 0xff, 0x00, 0xff, 0xff, 0xff, 0xff,
	0xff, 0xff, 0xff, 0x00, 0xff, 0xff, 0xff, 0x00, 0xff, 0xff, 0xff, 0x00, 0xff, 0xff, 0xff, 0xff,
	0xff, 0xff, 0xff, 0x00, 0xff, 0xff, 0xff, 0x00, 0xff, 0xff, 0xff, 0x00, 0xff, 0xff, 0xff, 0xff,
	0xff, 0xff, 0xff, 0x00, 0xff, 0xff, 0xff, 0x00, 0xff, 0xff, 0xff, 0x00, 0xff, 0xff, 0xff, 0xff,
	0xff, 0xff, 0xff, 0x00, 0xff, 0xff, 0xff, 0x00, 0xff, 0xff, 0xff, 0x00, 0xff, 0xff, 0xff, 0xff,
	0xff, 0xff, 0xff, 0x00, 0xff, 0xff, 0xff, 0xff, 0xff, 0xff, 0xff, 0x00, 0xff, 0xff, 0xff, 0x00,
	0xff, 0xff, 0xff, 0xff, 0xff, 0xff, 0xff, 0x00, 0xff, 0xff, 0xff, 0x00, 0xff, 0xff, 0xff, 0xff,
	0xff, 0xff, 0xff, 0x00, 0xff, 0xff, 0xff, 0x00, 0xff, 0xff, 0xff, 0x00, 0xff, 0xff, 0xff, 0x00,
	0xff, 0xff, 0xff, 0x00, 0xff, 0xff, 0xff, 0xff, 0xff, 0xff, 0xff, 0x00, 0xff, 0xff, 0xff, 0x00,
	0xff, 0xff, 0xff, 0x00, 0xff, 0xff, 0xff, 0xff, 0xff, 0xff, 0xff, 0x00, 0xff, 0xff, 0xff, 0xff,
	0xff, 0xff, 0xff, 0x00, 0xff, 0xff, 0xff, 0x00, 0xff, 0xff, 0xff, 0x00, 0xff, 0xff, 0xff, 0xff,
	0xff, 0xff, 0xff, 0x00, 0xff, 0xff, 0xff, 0xff, 0xff, 0xff, 0xff, 0x00, 0xff, 0xff, 0xff, 0x00,
	0xff, 0xff, 0xff, 0x00, 0xff, 0xff, 0xff, 0xff, 0x00, 0x00, 0x00, 0x00, 0xff, 0xff, 0xff, 0xff,
	0xff, 0xff, 0xff, 0xff, 0xff, 0xff, 0xff, 0xff, 0xff, 0xff, 0xff, 0xff, 0xff, 0xff, 0xff, 0x00,
	0xff, 0xff, 0xff, 0x00, 0xff, 0xff, 0xff, 0xff, 0xff, 0xff, 0xff, 0xff, 0xff, 0xff, 0xff, 0xff,
	0xff, 0xff, 0xff, 0xff, 0xff, 0xff, 0xff, 0xff, 0xff, 0xff, 0xff, 0x00, 0xff, 0xff, 0xff, 0xff,
	0xff, 0xff, 0xff, 0x00, 0xff, 0xff, 0xff, 0x00, 0xff, 0xff, 0xff, 0x00, 0xff, 0xff, 0xff, 0x00,
	0xff, 0xff, 0xff, 0x00, 0xff, 0xff, 0xff, 0x00, 0xff, 0xff, 0xff, 0xff, 0xff, 0xff, 0xff, 0xff,
	0xff, 0xff, 0xff, 0xff, 0xff, 0xff, 0xff, 0x00, 0xff, 0xff, 0xff, 0x00, 0xff, 0xff, 0xff, 0xff,
	0xff, 0xff, 0xff, 0x00, 0xff, 0xff, 0xff, 0x00, 0xff, 0xff, 0xff, 0x00, 0xff, 0xff, 0xff, 0xff,
	0xff, 0xff, 0xff, 0x00, 0xff, 0xff, 0xff, 0xff, 0xff, 0xff, 0xff, 0xff, 0xff, 0xff, 0xff, 0xff,
	0xff, 0xff, 0xff, 0xff, 0xff, 0xff, 0xff, 0xff, 0xff, 0xff, 0xff, 0x00, 0xff, 0xff, 0xff, 0x00,
	0xff, 0xff, 0xff, 0xff, 0xff, 0xff, 0xff, 0xff, 0xff, 0xff, 0xff, 0xff, 0xff, 0xff, 0xff, 0x00,
	0xff, 0xff, 0xff, 0x00, 0xff, 0xff, 0xff, 0xff, 0xff, 0xff, 0xff, 0x00, 0xff, 0xff, 0xff, 0x00,
	0xff, 0xff, 0xff, 0x00, 0xff, 0xff, 0xff, 0xff, 0xff, 0xff, 0xff, 0x00, 0xff, 0xff, 0xff, 0xff,
	0xff, 0xff, 0xff, 0xff, 0xff, 0xff, 0xff, 0xff, 0xff, 0xff, 0xff, 0xff, 0xff, 0xff, 0xff, 0xff,
	0xff, 0xff, 0xff, 0x00, 0xff, 0xff, 0xff, 0xff, 0xff, 0xff, 0xff, 0x00, 0xff, 0xff, 0xff, 0x00,
	0xff, 0xff, 0xff, 0x00, 0xff, 0xff, 0xff, 0xff, 0xff, 0xff, 0xff, 0x00, 0xff, 0xff, 0xff, 0xff,
	0xff, 0xff, 0xff, 0x00, 0xff, 0xff, 0xff, 0x00, 0xff, 0xff, 0xff, 0x00, 0xff, 0xff, 0xff, 0xff,
	0xff, 0xff, 0xff, 0x00, 0xff, 0xff, 0xff, 0x00, 0xff, 0xff, 0xff, 0xff, 0xff, 0xff, 0xff, 0xff,
	0xff, 0xff, 0xff, 0xff, 0xff, 0xff, 0xff, 0x00, 0x00, 0x00, 0x00, 0x00, 0xff, 0xff, 0xff, 0x00,
	0xff, 0xff, 0xff, 0x00, 0xff, 0xff, 0xff, 0x00, 0xff, 0xff, 0xff, 0x00, 0xff, 0xff, 0xff, 0x00,
	0xff, 0xff, 0xff, 0x00, 0xff, 0xff, 0xff, 0x00, 0xff, 0xff, 0xff, 0x00, 0xff, 0xff, 0xff, 0x00,
	0xff, 0xff, 0xff, 0x00, 0xff, 0xff, 0xff, 0x00, 0xff, 0xff, 0xff, 0x00, 0xff, 0xff, 0xff, 0x00,
	0xff, 0xff, 0xff, 0x00, 0xff, 0xff, 0xff, 0x00, 0xff, 0xff, 0xff, 0x00, 0xff, 0xff, 0xff, 0x00,
	0xff, 0xff, 0xff, 0x00, 0xff, 0xff, 0xff, 0x00, 0xff, 0xff, 0xff, 0x00, 0xff, 0xff, 0xff, 0x00,
	0xff, 0xff, 0xff, 0x00, 0xff, 0xff, 0xff, 0x00, 0xff, 0xff, 0xff, 0x00, 0xff, 0xff, 0xff, 0x00,
	0xff, 0xff, 0xff, 0x00, 0xff, 0xff, 0xff, 0x00, 0xff, 0xff, 0xff, 0x00, 0xff, 0xff, 0xff, 0x00,
	0xff, 0xff, 0xff, 0x00, 0xff, 0xff, 0xff, 0x00, 0xff, 0xff, 0xff, 0x00, 0xff, 0xff, 0xff, 0x00,
	0xff, 0xff, 0xff, 0x00, 0xff, 0xff, 0xff, 0x00, 0xff, 0xff, 0xff, 0x00, 0xff, 0xff, 0xff, 0x00,
	0xff, 0xff, 0xff, 0x00, 0xff, 0xff, 0xff, 0x00, 0xff, 0xff, 0xff, 0x00, 0xff, 0xff, 0xff, 0x00,
	0xff, 0xff, 0xff, 0x00, 0xff, 0xff, 0xff, 0x00, 0xff, 0xff, 0xff, 0x00, 0xff, 0xff, 0xff, 0x00,
	0xff, 0xff, 0xff, 0x00, 0xff, 0xff, 0xff, 0x00, 0xff, 0xff, 0xff, 0x00, 0xff, 0xff, 0xff, 0x00,
	0xff, 0xff, 0xff, 0x00, 0xff, 0xff, 0xff, 0x00, 0xff, 0xff, 0xff, 0x00, 0xff, 0xff, 0xff, 0x00,
	0xff, 0xff, 0xff, 0x00, 0xff, 0xff, 0xff, 0x00, 0xff, 0xff, 0xff, 0x00, 0xff, 0xff, 0xff, 0x00,
	0xff, 0xff, 0xff, 0x00, 0xff, 0xff, 0xff, 0x00, 0xff, 0xff, 0xff, 0x00, 0xff, 0xff, 0xff, 0x00,
	0xff, 0xff, 0xff, 0x00, 0xff, 0xff, 0xff, 0x00, 0xff, 0xff, 0xff, 0x00, 0xff, 0xff, 0xff, 0x00,
	0xff, 0xff, 0xff, 0x00, 0xff, 0xff, 0xff, 0x00, 0xff, 0xff, 0xff, 0x00, 0xff, 0xff, 0xff, 0x00,
	0xff, 0xff, 0xff, 0x00, 0xff, 0xff, 0xff, 0x00, 0x00, 0x00, 0x00, 0x00, 0xff, 0xff, 0xff, 0xff,
	0xff, 0xff, 0xff, 0xff, 0xff, 0xff, 0xff, 0xff, 0xff, 0xff, 0xff, 0xff, 0xff, 0xff, 0xff, 0x00,
	0xff, 0xff, 0xff, 0x00, 0xff, 0xff, 0xff, 0x00, 0xff, 0xff, 0xff, 0xff, 0xff, 0xff, 0xff, 0xff,
	0xff, 0xff, 0xff, 0xff, 0xff, 0xff, 0xff, 0x00, 0xff, 0xff, 0xff, 0x00, 0xff, 0xff, 0xff, 0xff,
	0xff, 0xff, 0xff, 0xff, 0xff, 0xff, 0xff, 0xff, 0xff, 0xff, 0xff, 0xff, 0xff, 0xff, 0xff, 0x00,
	0xff, 0xff, 0xff, 0x00, 0xff, 0xff, 0xff, 0x00, 0xff, 0xff, 0xff, 0xff, 0xff, 0xff, 0xff, 0xff,
	0xff, 0xff, 0xff, 0xff, 0xff, 0xff, 0xff, 0x00, 0xff, 0xff, 0xff, 0x00, 0xff, 0xff, 0xff, 0xff,
	0xff, 0xff, 0xff, 0xff, 0xff, 0xff, 0xff, 0xff, 0xff, 0xff, 0xff, 0xff, 0xff, 0xff, 0xff, 0xff,
	0xff, 0xff, 0xff, 0x00, 0xff, 0xff, 0xff, 0xff, 0xff, 0xff, 0xff, 0x00, 0xff, 0xff, 0xff, 0x00,
	0xff, 0xff, 0xff, 0x00, 0xff, 0xff, 0xff, 0xff, 0xff, 0xff, 0xff, 0x00, 0xff, 0xff, 0xff, 0xff,
	0xff, 0xff, 0xff, 0x00, 0xff, 0xff, 0xff, 0x00, 0xff, 0xff, 0xff, 0x00, 0xff, 0xff, 0xff, 0xff,
	0xff, 0xff, 0xff, 0x00, 0xff, 0xff, 0xff, 0xff, 0xff, 0xff, 0xff, 0x00, 0xff, 0xff, 0xff, 0x00,
	0xff, 0xff, 0xff, 0x00, 0xff, 0xff, 0xff, 0xff, 0xff, 0xff, 0xff, 0x00, 0xff, 0xff, 0xff, 0xff,
	0xff, 0xff, 0xff, 0x00, 0xff, 0xff, 0xff, 0x00, 0xff, 0xff, 0xff, 0x00, 0xff, 0xff, 0xff, 0xff,
	0xff, 0xff, 0xff, 0x00, 0xff, 0xff, 0xff, 0xff, 0xff, 0xff, 0xff, 0x00, 0xff, 0xff, 0xff, 0x00,
	0xff, 0xff, 0xff, 0x00, 0xff, 0xff, 0xff, 0xff, 0xff, 0xff, 0xff, 0x00, 0xff, 0xff, 0xff, 0xff,
	0xff, 0xff, 0xff, 0xff, 0xff, 0xff, 0xff, 0xff, 0xff, 0xff, 0xff, 0xff, 0xff, 0xff, 0xff, 0xff,
	0xff, 0xff, 0xff, 0x00, 0xff, 0xff, 0xff, 0x00, 0xff, 0xff, 0xff, 0xff, 0xff, 0xff, 0xff, 0xff,
	0xff, 0xff, 0xff, 0xff, 0xff, 0xff, 0xff, 0x00, 0x00, 0x00, 0x00, 0x00, 0xff, 0xff, 0xff, 0xff,
	0xff, 0xff, 0xff, 0x00, 0xff, 0xff, 0xff, 0x00, 0xff, 0xff, 0xff, 0x00, 0xff, 0xff, 0xff, 0xff,
	0xff, 0xff, 0xff, 0x00, 0xff, 0xff, 0xff, 0xff, 0xff, 0xff, 0xff, 0x00, 0xff, 0xff, 0xff, 0x00,
	0xff, 0xff, 0xff, 0x00, 0xff, 0xff, 0xff, 0xff, 0xff, 0xff, 0xff, 0x00, 0xff, 0xff, 0xff, 0xff,
	0xff, 0xff, 0xff, 0x00, 0xff, 0xff, 0xff, 0x00, 0xff, 0xff, 0xff, 0x00, 0xff, 0xff, 0xff, 0xff,
	0xff, 0xff, 0xff, 0x00, 0xff, 0xff, 0xff, 0xff, 0xff, 0xff, 0xff, 0x00, 0xff, 0xff, 0xff, 0x00,
	0xff, 0xff, 0xff, 0x00, 0xff, 0xff, 0xff, 0xff, 0xff, 0xff, 0xff, 0x00, 0xff, 0xff, 0xff, 0x00,
	0xff, 0xff, 0xff, 0x00, 0xff, 0xff, 0xff, 0xff, 0xff, 0xff, 0xff, 0x00, 0xff, 0xff, 0xff, 0x00,
	0xff, 0xff, 0xff, 0x00, 0xff, 0xff, 0xff, 0xff, 0xff, 0xff, 0xff, 0x00, 0xff, 0xff, 0xff, 0x00,
	0xff, 0xff, 0xff, 0x00, 0xff, 0xff, 0xff, 0xff, 0xff, 0xff, 0xff, 0x00, 0xff, 0xff, 0xff, 0xff,
	0xff, 0xff, 0xff, 0x00, 0xff, 0xff, 0xff, 0x00, 0xff, 0xff, 0xff, 0x00, 0xff, 0xff, 0xff, 0xff,
	0xff, 0xff, 0xff, 0x00, 0xff, 0xff, 0xff, 0xff, 0xff, 0xff, 0xff, 0x00, 0xff, 0xff, 0xff, 0x00,
	0xff, 0xff, 0xff, 0x00, 0xff, 0xff, 0xff, 0xff, 0xff, 0xff, 0xff, 0x00, 0xff, 0xff, 0xff, 0xff,
	0xff, 0xff, 0xff, 0x00, 0xff, 0xff, 0xff, 0x00, 0xff, 0xff, 0xff, 0x00, 0xff, 0xff, 0xff, 0xff,
	0xff, 0xff, 0xff, 0x00, 0xff, 0xff, 0xff, 0xff, 0xff, 0xff, 0xff, 0x00, 0xff, 0xff, 0xff, 0x00,
	0xff, 0xff, 0xff, 0x00, 0xff, 0xff, 0xff, 0xff, 0xff, 0xff, 0xff, 0x00, 0xff, 0xff, 0xff, 0x00,
	0xff, 0xff, 0xff, 0x00, 0xff, 0xff, 0xff, 0x00, 0xff, 0xff, 0xff, 0x00, 0xff, 0xff, 0xff, 0xff,
	0xff, 0xff, 0xff, 0x00, 0xff, 0xff, 0xff, 0x00, 0xff, 0xff, 0xff, 0xff, 0xff, 0xff, 0xff, 0x00,
	0xff, 0xff, 0xff, 0x00, 0xff, 0xff, 0xff, 0x00, 0x00, 0x00, 0x00, 0x00, 0xff, 0xff, 0xff, 0xff,
	0xff, 0xff, 0xff, 0x00, 0xff, 0xff, 0xff, 0x00, 0xff, 0xff, 0xff, 0x00, 0xff, 0xff, 0xff, 0xff,
	0xff, 0xff, 0xff, 0x00, 0xff, 0xff, 0xff, 0xff, 0xff, 0xff, 0xff, 0x00, 0xff, 0xff, 0xff, 0x00,
	0xff, 0xff, 0xff, 0x00, 0xff, 0xff, 0xff, 0xff, 0xff, 0xff, 0xff, 0x00, 0xff, 0xff, 0xff, 0xff,
	0xff, 0xff, 0xff, 0x00, 0xff, 0xff, 0xff, 0x00, 0xff, 0xff, 0xff, 0x00, 0xff, 0xff, 0xff, 0xff,
	0xff, 0xff, 0xff, 0x00, 0xff, 0xff, 0xff, 0xff, 0xff, 0xff, 0xff, 0x00, 0xff, 0xff, 0xff, 0x00,
	0xff, 0xff, 0xff, 0x00, 0xff, 0xff, 0xff, 0x00, 0xff, 0xff, 0xff, 0x00, 0xff, 0xff, 0xff, 0x00,
	0xff, 0xff, 0xff, 0x00, 0xff, 0xff, 0xff, 0xff, 0xff, 0xff, 0xff, 0x00, 0xff, 0xff, 0xff, 0x00,
	0xff, 0xff, 0xff, 0x00, 0xff, 0xff, 0xff, 0xff, 0xff, 0xff, 0xff, 0x00, 0xff, 0xff, 0xff, 0x00,
	0xff, 0xff, 0xff, 0x00, 0xff, 0xff, 0xff, 0xff, 0xff, 0xff, 0xff, 0x00, 0xff, 0xff, 0xff, 0xff,
	0xff, 0xff, 0xff, 0x00, 0xff, 0xff, 0xff, 0x00, 0xff, 0xff, 0xff, 0x00, 0xff, 0xff, 0xff, 0xff,
	0xff, 0xff, 0xff, 0x00, 0xff, 0xff, 0xff, 0xff, 0xff, 0xff, 0xff, 0x00, 0xff, 0xff, 0xff, 0xff,
	0xff, 0xff, 0xff, 0x00, 0xff, 0xff, 0xff, 0xff, 0xff, 0xff, 0xff, 0x00, 0xff, 0xff, 0xff, 0x00,
	0xff, 0xff, 0xff, 0xff, 0xff, 0xff, 0xff, 0x00, 0xff, 0xff, 0xff, 0xff, 0xff, 0xff, 0xff, 0x00,
	0xff, 0xff, 0xff, 0x00, 0xff, 0xff, 0xff, 0x00, 0xff, 0xff, 0xff, 0xff, 0xff, 0xff, 0xff, 0x00,
	0xff, 0xff, 0xff, 0xff, 0xff, 0xff, 0xff, 0x00, 0xff, 0xff, 0xff, 0x00, 0xff, 0xff, 0xff, 0x00,
	0xff, 0xff, 0xff, 0x00, 0xff, 0xff, 0xff, 0x00, 0xff, 0xff, 0xff, 0xff, 0xff, 0xff, 0xff, 0x00,
	0xff, 0xff, 0xff, 0x00, 0xff, 0xff, 0xff, 0x00, 0xff, 0xff, 0xff, 0xff, 0xff, 0xff, 0xff, 0x00,
	0xff, 0xff, 0xff, 0x00, 0xff, 0xff, 0xff, 0x00, 0x00, 0x00, 0x00, 0x00, 0xff, 0xff, 0xff, 0xff,
	0xff, 0xff, 0xff, 0xff, 0xff, 0xff, 0xff, 0xff, 0xff, 0xff, 0xff, 0xff, 0xff, 0xff, 0xff, 0x00,
	0xff, 0xff, 0xff, 0x00, 0xff, 0xff, 0xff, 0xff, 0xff, 0xff, 0xff, 0x00, 0xff, 0xff, 0xff, 0x00,
	0xff, 0xff, 0xff, 0x00, 0xff, 0xff, 0xff, 0xff, 0xff, 0xff, 0xff, 0x00, 0xff, 0xff, 0xff, 0xff,
	0xff, 0xff, 0xff, 0xff, 0xff, 0xff, 0xff, 0xff, 0xff, 0xff, 0xff, 0xff, 0xff, 0xff, 0xff, 0x00,
	0xff, 0xff, 0xff, 0x00, 0xff, 0xff, 0xff, 0x00, 0xff, 0xff, 0xff, 0xff, 0xff, 0xff, 0xff, 0xff,
	0xff, 0xff, 0xff, 0xff, 0xff, 0xff, 0xff, 0x00, 0xff, 0xff, 0xff, 0x00, 0xff, 0xff, 0xff, 0x00,
	0xff, 0xff, 0xff, 0x00, 0xff, 0xff, 0xff, 0xff, 0xff, 0xff, 0xff, 0x00, 0xff, 0xff, 0xff, 0x00,
	0xff, 0xff, 0xff, 0x00, 0xff, 0xff, 0xff, 0xff, 0xff, 0xff, 0xff, 0x00, 0xff, 0xff, 0xff, 0x00,
	0xff, 0xff, 0xff, 0x00, 0xff, 0xff, 0xff, 0xff, 0xff, 0xff, 0xff, 0x00, 0xff, 0xff, 0xff, 0xff,
	0xff, 0xff, 0xff, 0x00, 0xff, 0xff, 0xff, 0x00, 0xff, 0xff, 0xff, 0x00, 0xff, 0xff, 0xff, 0xff,
	0xff, 0xff, 0xff, 0x00, 0xff, 0xff, 0xff, 0xff, 0xff, 0xff, 0xff, 0x00, 0xff, 0xff, 0xff, 0xff,
	0xff, 0xff, 0xff, 0x00, 0xff, 0xff, 0xff, 0xff, 0xff, 0xff, 0xff, 0x00, 0xff, 0xff, 0xff, 0x00,
	0xff, 0xff, 0xff, 0x00, 0xff, 0xff, 0xff, 0xff, 0xff, 0xff, 0xff, 0x00, 0xff, 0xff, 0xff, 0x00,
	0xff, 0xff, 0xff, 0x00, 0xff, 0xff, 0xff, 0x00, 0xff, 0xff, 0xff, 0xff, 0xff, 0xff, 0xff, 0x00,
	0xff, 0xff, 0xff, 0xff, 0xff, 0xff, 0xff, 0x00, 0xff, 0xff, 0xff, 0x00, 0xff, 0xff, 0xff, 0x00,
	0xff, 0xff, 0xff, 0x00, 0xff, 0xff, 0xff, 0xff, 0xff, 0xff, 0xff, 0x00, 0xff, 0xff, 0xff, 0x00,
	0xff, 0xff, 0xff, 0x00, 0xff, 0xff, 0xff, 0x00, 0xff, 0xff, 0xff, 0xff, 0xff, 0xff, 0xff, 0x00,
	0xff, 0xff, 0xff, 0x00, 0xff, 0xff, 0xff, 0x00, 0x00, 0x00, 0x00, 0x00, 0xff, 0xff, 0xff, 0xff,
	0xff, 0xff, 0xff, 0x00, 0xff, 0xff, 0xff, 0x00, 0xff, 0xff, 0xff, 0x00, 0xff, 0xff, 0xff, 0x00,
	0xff, 0xff, 0xff, 0x00, 0xff, 0xff, 0xff, 0xff, 0xff, 0xff, 0xff, 0x00, 0xff, 0xff, 0xff, 0xff,
	0xff, 0xff, 0xff, 0x00, 0xff, 0xff, 0xff, 0xff, 0xff, 0xff, 0xff, 0x00, 0xff, 0xff, 0xff, 0xff,
	0xff, 0xff, 0xff, 0x00, 0xff, 0xff, 0xff, 0x00, 0xff, 0xff, 0xff, 0x00, 0xff, 0xff, 0xff, 0xff,
	0xff, 0xff, 0xff, 0x00, 0xff, 0xff, 0xff, 0x00, 0xff, 0xff, 0xff, 0x00, 0xff, 0xff, 0xff, 0x00,
	0xff, 0xff, 0xff, 0x00, 0xff, 0xff, 0xff, 0xff, 0xff, 0xff, 0xff, 0x00, 0xff, 0xff, 0xff, 0x00,
	0xff, 0xff, 0xff, 0x00, 0xff, 0xff, 0xff, 0xff, 0xff, 0xff, 0xff, 0x00, 0xff, 0xff, 0xff, 0x00,
	0xff, 0xff, 0xff, 0x00, 0xff, 0xff, 0xff, 0xff, 0xff, 0xff, 0xff, 0x00, 0xff, 0xff, 0xff, 0x00,
	0xff, 0xff, 0xff, 0x00, 0xff, 0xff, 0xff, 0xff, 0xff, 0xff, 0xff, 0x00, 0xff, 0xff, 0xff, 0x00,
	0xff, 0xff, 0xff, 0xff, 0xff, 0xff, 0xff, 0x00, 0xff, 0xff, 0xff, 0xff, 0xff, 0xff, 0xff, 0x00,
	0xff, 0xff, 0xff, 0x00, 0xff, 0xff, 0xff, 0xff, 0xff, 0xff, 0xff, 0x00, 0xff, 0xff, 0xff, 0xff,
	0xff, 0xff, 0xff, 0x00, 0xff, 0xff, 0xff, 0xff, 0xff, 0xff, 0xff, 0x00, 0xff, 0xff, 0xff, 0x00,
	0xff, 0xff, 0xff, 0xff, 0xff, 0xff, 0xff, 0x00, 0xff, 0xff, 0xff, 0xff, 0xff, 0xff, 0xff, 0x00,
	0xff, 0xff, 0xff, 0x00, 0xff, 0xff, 0xff, 0x00, 0xff, 0xff, 0xff, 0x00, 0xff, 0xff, 0xff, 0xff,
	0xff, 0xff, 0xff, 0x00, 0xff, 0xff, 0xff, 0x00, 0xff, 0xff, 0xff, 0x00, 0xff, 0xff, 0xff, 0x00,
	0xff, 0xff, 0xff, 0xff, 0xff, 0xff, 0xff, 0x00, 0xff, 0xff, 0xff, 0x00, 0xff, 0xff, 0xff, 0x00,
	0xff, 0xff, 0xff, 0x00, 0xff, 0xff, 0xff, 0x00, 0xff, 0xff, 0xff, 0xff, 0xff, 0xff, 0xff, 0x00,
	0xff, 0xff, 0xff, 0x00, 0xff, 0xff, 0xff, 0x00, 0x00, 0x00, 0x00, 0x00, 0xff, 0xff, 0xff, 0xff,
	0xff, 0xff, 0xff, 0x00, 0xff, 0xff, 0xff, 0x00, 0xff, 0xff, 0xff, 0x00, 0xff, 0xff, 0xff, 0x00,
	0xff, 0xff, 0xff, 0x00, 0xff, 0xff, 0xff, 0xff, 0xff, 0xff, 0xff, 0x00, 0xff, 0xff, 0xff, 0x00,
	0xff, 0xff, 0xff, 0xff, 0xff, 0xff, 0xff, 0x00, 0xff, 0xff, 0xff, 0x00, 0xff, 0xff, 0xff, 0xff,
	0xff, 0xff, 0xff, 0x00, 0xff, 0xff, 0xff, 0x00, 0xff, 0xff, 0xff, 0x00, 0xff, 0xff, 0xff, 0xff,
	0xff, 0xff, 0xff, 0x00, 0xff, 0xff, 0xff, 0xff, 0xff, 0xff, 0xff, 0x00, 0xff, 0xff, 0xff, 0x00,
	0xff, 0xff, 0xff, 0x00, 0xff, 0xff, 0xff, 0xff, 0xff, 0xff, 0xff, 0x00, 0xff, 0xff, 0xff, 0x00,
	0xff, 0xff, 0xff, 0x00, 0xff, 0xff, 0xff, 0xff, 0xff, 0xff, 0xff, 0x00, 0xff, 0xff, 0xff, 0x00,
	0xff, 0xff, 0xff, 0x00, 0xff, 0xff, 0xff, 0xff, 0xff, 0xff, 0xff, 0x00, 0xff, 0xff, 0xff, 0x00,
	0xff, 0xff, 0xff, 0x00, 0xff, 0xff, 0xff, 0xff, 0xff, 0xff, 0xff, 0x00, 0xff, 0xff, 0xff, 0x00,
	0xff, 0xff, 0xff, 0xff, 0xff, 0xff, 0xff, 0x00, 0xff, 0xff, 0xff, 0xff, 0xff, 0xff, 0xff, 0x00,
	0xff, 0xff, 0xff, 0x00, 0xff, 0xff, 0xff, 0x00, 0xff, 0xff, 0xff, 0xff, 0xff, 0xff, 0xff, 0x00,
	0xff, 0xff, 0xff, 0xff, 0xff, 0xff, 0xff, 0x00, 0xff, 0xff, 0xff, 0x00, 0xff, 0xff, 0xff, 0xff,
	0xff, 0xff, 0xff, 0x00, 0xff, 0xff, 0xff, 0x00, 0xff, 0xff, 0xff, 0x00, 0xff, 0xff, 0xff, 0xff,
	0xff, 0xff, 0xff, 0x00, 0xff, 0xff, 0xff, 0x00, 0xff, 0xff, 0xff, 0x00, 0xff, 0xff, 0xff, 0xff,
	0xff, 0xff, 0xff, 0x00, 0xff, 0xff, 0xff, 0x00, 0xff, 0xff, 0xff, 0x00, 0xff, 0xff, 0xff, 0xff,
	0xff, 0xff, 0xff, 0x00, 0xff, 0xff, 0xff, 0x00, 0xff, 0xff, 0xff, 0x00, 0xff, 0xff, 0xff, 0x00,
	0xff, 0xff, 0xff, 0x00, 0xff, 0xff, 0xff, 0x00, 0xff, 0xff, 0xff, 0xff, 0xff, 0xff, 0xff, 0x00,
	0xff, 0xff, 0xff, 0x00, 0xff, 0xff, 0xff, 0x00, 0x00, 0x00, 0x00, 0x00, 0xff, 0xff, 0xff, 0xff,
	0xff, 0xff, 0xff, 0x00, 0xff, 0xff, 0xff, 0x00, 0xff, 0xff, 0xff, 0x00, 0xff, 0xff, 0xff, 0x00,
	0xff, 0xff, 0xff, 0x00, 0xff, 0xff, 0xff, 0x00, 0xff, 0xff, 0xff, 0xff, 0xff, 0xff, 0xff, 0xff,
	0xff, 0xff, 0xff, 0x00, 0xff, 0xff, 0xff, 0xff, 0xff, 0xff, 0xff, 0x00, 0xff, 0xff, 0xff, 0xff,
	0xff, 0xff, 0xff, 0x00, 0xff, 0xff, 0xff, 0x00, 0xff, 0xff, 0xff, 0x00, 0xff, 0xff, 0xff, 0xff,
	0xff, 0xff, 0xff, 0x00, 0xff, 0xff, 0xff, 0x00, 0xff, 0xff, 0xff, 0xff, 0xff, 0xff, 0xff, 0xff,
	0xff, 0xff, 0xff, 0xff, 0xff, 0xff, 0xff, 0x00, 0xff, 0xff, 0xff, 0x00, 0xff, 0xff, 0xff, 0x00,
	0xff, 0xff, 0xff, 0x00, 0xff, 0xff, 0xff, 0xff, 0xff, 0xff, 0xff, 0x00, 0xff, 0xff, 0xff, 0x00,
	0xff, 0xff, 0xff, 0x00, 0xff, 0xff, 0xff, 0x00, 0xff, 0xff, 0xff, 0xff, 0xff, 0xff, 0xff, 0xff,
	0xff, 0xff, 0xff, 0xff, 0xff, 0xff, 0xff, 0x00, 0xff, 0xff, 0xff, 0x00, 0xff, 0xff, 0xff, 0x00,
	0xff, 0xff, 0xff, 0x00, 0xff, 0xff, 0xff, 0xff, 0xff, 0xff, 0xff, 0x00, 0xff, 0xff, 0xff, 0x00,
	0xff, 0xff, 0xff, 0x00, 0xff, 0xff, 0xff, 0x00, 0xff, 0xff, 0xff, 0xff, 0xff, 0xff, 0xff, 0x00,
	0xff, 0xff, 0xff, 0xff, 0xff, 0xff, 0xff, 0x00, 0xff, 0xff, 0xff, 0x00, 0xff, 0xff, 0xff, 0xff,
	0xff, 0xff, 0xff, 0x00, 0xff, 0xff, 0xff, 0x00, 0xff, 0xff, 0xff, 0x00, 0xff, 0xff, 0xff, 0xff,
	0xff, 0xff, 0xff, 0x00, 0xff, 0xff, 0xff, 0x00, 0xff, 0xff, 0xff, 0x00, 0xff, 0xff, 0xff, 0xff,
	0xff, 0xff, 0xff, 0x00, 0xff, 0xff, 0xff, 0x00, 0xff, 0xff, 0xff, 0x00, 0xff, 0xff, 0xff, 0xff,
	0xff, 0xff, 0xff, 0xff, 0xff, 0xff, 0xff, 0xff, 0xff, 0xff, 0xff, 0xff, 0xff, 0xff, 0xff, 0xff,
	0xff, 0xff, 0xff, 0x00, 0xff, 0xff, 0xff, 0x00, 0xff, 0xff, 0xff, 0xff, 0xff, 0xff, 0xff, 0xff,
	0xff, 0xff, 0xff, 0xff, 0xff, 0xff, 0xff, 0x00, 0x00, 0x00, 0x00, 0x00, 0xff, 0xff, 0xff, 0x00,
	0xff, 0xff, 0xff, 0x00, 0xff, 0xff, 0xff, 0x00, 0xff, 0xff, 0xff, 0x00, 0xff, 0xff, 0xff, 0x00,
	0xff, 0xff, 0xff, 0x00, 0xff, 0xff, 0xff, 0x00, 0xff, 0xff, 0xff, 0x00, 0xff, 0xff, 0xff, 0x00,
	0xff, 0xff, 0xff, 0x00, 0xff, 0xff, 0xff, 0x00, 0xff, 0xff, 0xff, 0x00, 0xff, 0xff, 0xff, 0x00,
	0xff, 0xff, 0xff, 0x00, 0xff, 0xff, 0xff, 0x00, 0xff, 0xff, 0xff, 0x00, 0xff, 0xff, 0xff, 0x00,
	0xff, 0xff, 0xff, 0x00, 0xff, 0xff, 0xff, 0x00, 0xff, 0xff, 0xff, 0x00, 0xff, 0xff, 0xff, 0x00,
	0xff, 0xff, 0xff, 0x00, 0xff, 0xff, 0xff, 0x00, 0xff, 0xff, 0xff, 0x00, 0xff, 0xff, 0xff, 0x00,
	0xff, 0xff, 0xff, 0x00, 0xff, 0xff, 0xff, 0x00, 0xff, 0xff, 0xff, 0x00, 0xff, 0xff, 0xff, 0x00,
	0xff, 0xff, 0xff, 0x00, 0xff, 0xff, 0xff, 0x00, 0xff, 0xff, 0xff, 0x00, 0xff, 0xff, 0xff, 0x00,
	0xff, 0xff, 0xff, 0x00, 0xff, 0xff, 0xff, 0x00, 0xff, 0xff, 0xff, 0x00, 0xff, 0xff, 0xff, 0x00,
	0xff, 0xff, 0xff, 0x00, 0xff, 0xff, 0xff, 0x00, 0xff, 0xff, 0xff, 0x00, 0xff, 0xff, 0xff, 0x00,
	0xff, 0xff, 0xff, 0x00, 0xff, 0xff, 0xff, 0x00, 0xff, 0xff, 0xff, 0x00, 0xff, 0xff, 0xff, 0x00,
	0xff, 0xff, 0xff, 0x00, 0xff, 0xff, 0xff, 0x00, 0xff, 0xff, 0xff, 0x00, 0xff, 0xff, 0xff, 0x00,
	0xff, 0xff, 0xff, 0x00, 0xff, 0xff, 0xff, 0x00, 0xff, 0xff, 0xff, 0x00, 0xff, 0xff, 0xff, 0x00,
	0xff, 0xff, 0xff, 0x00, 0xff, 0xff, 0xff, 0x00, 0xff, 0xff, 0xff, 0x00, 0xff, 0xff, 0xff, 0x00,
	0xff, 0xff, 0xff, 0x00, 0xff, 0xff, 0xff, 0x00, 0xff, 0xff, 0xff, 0x00, 0xff, 0xff, 0xff, 0x00,
	0xff, 0xff, 0xff, 0x00, 0xff, 0xff, 0xff, 0x00, 0xff, 0xff, 0xff, 0x00, 0xff, 0xff, 0xff, 0x00,
	0xff, 0xff, 0xff, 0x00, 0xff, 0xff, 0xff, 0x00, 0xff, 0xff, 0xff, 0x00, 0xff, 0xff, 0xff, 0x00,
	0xff, 0xff, 0xff, 0x00, 0xff, 0xff, 0xff, 0x00, 0x00, 0x00, 0x00, 0x00, 0xff, 0xff, 0xff, 0xff,
	0xff, 0xff, 0xff, 0x00, 0xff, 0xff, 0xff, 0x00, 0xff, 0xff, 0xff, 0x00, 0xff, 0xff, 0xff, 0x00,
	0xff, 0xff, 0xff, 0x00, 0xff, 0xff, 0xff, 0x00, 0xff, 0xff, 0xff, 0xff, 0xff, 0xff, 0xff, 0xff,
	0xff, 0xff, 0xff, 0xff, 0xff, 0xff, 0xff, 0x00, 0xff, 0xff, 0xff, 0x00, 0xff, 0xff, 0xff, 0x00,
	0xff, 0xff, 0xff, 0x00, 0xff, 0xff, 0xff, 0xff, 0xff, 0xff, 0xff, 0x00, 0xff, 0xff, 0xff, 0x00,
	0xff, 0xff, 0xff, 0x00, 0xff, 0xff, 0xff, 0x00, 0xff, 0xff, 0xff, 0x00, 0xff, 0xff, 0xff, 0x00,
	0xff, 0xff, 0xff, 0x00, 0xff, 0xff, 0xff, 0x00, 0xff, 0xff, 0xff, 0x00, 0xff, 0xff, 0xff, 0x00,
	0xff, 0xff, 0xff, 0xff, 0xff, 0xff, 0xff, 0x00, 0xff, 0xff, 0xff, 0x00, 0xff, 0xff, 0xff, 0x00,
	0xff, 0xff, 0xff, 0x00, 0xff, 0xff, 0xff, 0x00, 0xff, 0xff, 0xff, 0xff, 0xff, 0xff, 0xff, 0xff,
	0xff, 0xff, 0xff, 0xff, 0xff, 0xff, 0xff, 0x00, 0xff, 0xff, 0xff, 0x00, 0xff, 0xff, 0xff, 0xff,
	0xff, 0xff, 0xff, 0xff, 0xff, 0xff, 0xff, 0xff, 0xff, 0xff, 0xff, 0xff, 0xff, 0xff, 0xff, 0x00,
	0xff, 0xff, 0xff, 0x00, 0xff, 0xff, 0xff, 0x00, 0xff, 0xff, 0xff, 0xff, 0xff, 0xff, 0xff, 0xff,
	0xff, 0xff, 0xff, 0xff, 0xff, 0xff, 0xff, 0x00, 0xff, 0xff, 0xff, 0x00, 0xff, 0xff, 0xff, 0xff,
	0xff, 0xff, 0xff, 0xff, 0xff, 0xff, 0xff, 0xff, 0xff, 0xff, 0xff, 0xff, 0xff, 0xff, 0xff, 0x00,
	0xff, 0xff, 0xff, 0x00, 0xff, 0xff, 0xff, 0xff, 0xff, 0xff, 0xff, 0xff, 0xff, 0xff, 0xff, 0xff,
	0xff, 0xff, 0xff, 0xff, 0xff, 0xff, 0xff, 0xff, 0xff, 0xff, 0xff, 0x00, 0xff, 0xff, 0xff, 0xff,
	0xff, 0xff, 0xff, 0xff, 0xff, 0xff, 0xff, 0xff, 0xff, 0xff, 0xff, 0xff, 0xff, 0xff, 0xff, 0xff,
	0xff, 0xff, 0xff, 0x00, 0xff, 0xff, 0xff, 0x00, 0xff, 0xff, 0xff, 0xff, 0xff, 0xff, 0xff, 0xff,
	0xff, 0xff, 0xff, 0xff, 0xff, 0xff, 0xff, 0x00, 0x00, 0x00, 0x00, 0x00, 0xff, 0xff, 0xff, 0x00,
	0xff, 0xff, 0xff, 0xff, 0xff, 0xff, 0xff, 0x00, 0xff, 0xff, 0xff, 0x00, 0xff, 0xff, 0xff, 0x00,
	0xff, 0xff, 0xff, 0x00, 0xff, 0xff, 0xff, 0x00, 0xff, 0xff, 0xff, 0x00, 0xff, 0xff, 0xff, 0x00,
	0xff, 0xff, 0xff, 0xff, 0xff, 0xff, 0xff, 0x00, 0xff, 0xff, 0xff, 0x00, 0xff, 0xff, 0xff, 0x00,
	0xff, 0xff, 0xff, 0xff, 0xff, 0xff, 0xff, 0x00, 0xff, 0xff, 0xff, 0xff, 0xff, 0xff, 0xff, 0x00,
	0xff, 0xff, 0xff, 0x00, 0xff, 0xff, 0xff, 0x00, 0xff, 0xff, 0xff, 0x00, 0xff, 0xff, 0xff, 0x00,
	0xff, 0xff, 0xff, 0x00, 0xff, 0xff, 0xff, 0x00, 0xff, 0xff, 0xff, 0x00, 0xff, 0xff, 0xff, 0x00,
	0xff, 0xff, 0xff, 0x00, 0xff, 0xff, 0xff, 0xff, 0xff, 0xff, 0xff, 0xff, 0xff, 0xff, 0xff, 0x00,
	0xff, 0xff, 0xff, 0x00, 0xff, 0xff, 0xff, 0xff, 0xff, 0xff, 0xff, 0x00, 0xff, 0xff, 0xff, 0x00,
	0xff, 0xff, 0xff, 0x00, 0xff, 0xff, 0xff, 0xff, 0xff, 0xff, 0xff, 0x00, 0xff, 0xff, 0xff, 0xff,
	0xff, 0xff, 0xff, 0x00, 0xff, 0xff, 0xff, 0x00, 0xff, 0xff, 0xff, 0x00, 0xff, 0xff, 0xff, 0xff,
	0xff, 0xff, 0xff, 0x00, 0xff, 0xff, 0xff, 0xff, 0xff, 0xff, 0xff, 0x00, 0xff, 0xff, 0xff, 0x00,
	0xff, 0xff, 0xff, 0x00, 0xff, 0xff, 0xff, 0xff, 0xff, 0xff, 0xff, 0x00, 0xff, 0xff, 0xff, 0xff,
	0xff, 0xff, 0xff, 0x00, 0xff, 0xff, 0xff, 0x00, 0xff, 0xff, 0xff, 0x00, 0xff, 0xff, 0xff, 0xff,
	0xff, 0xff, 0xff, 0x00, 0xff, 0xff, 0xff, 0xff, 0xff, 0xff, 0xff, 0x00, 0xff, 0xff, 0xff, 0x00,
	0xff, 0xff, 0xff, 0x00, 0xff, 0xff, 0xff, 0x00, 0xff, 0xff, 0xff, 0x00, 0xff, 0xff, 0xff, 0xff,
	0xff, 0xff, 0xff, 0x00, 0xff, 0xff, 0xff, 0x00, 0xff, 0xff, 0xff, 0x00, 0xff, 0xff, 0xff, 0x00,
	0xff, 0xff, 0xff, 0x00, 0xff, 0xff, 0xff, 0xff, 0xff, 0xff, 0xff, 0x00, 0xff, 0xff, 0xff, 0x00,
	0xff, 0xff, 0xff, 0x00, 0xff, 0xff, 0xff, 0xff, 0x00, 0x00, 0x00, 0x00, 0xff, 0xff, 0xff, 0x00,
	0xff, 0xff, 0xff, 0xff, 0xff, 0xff, 0xff, 0x00, 0xff, 0xff, 0xff, 0x00, 0xff, 0xff, 0xff, 0x00,
	0xff, 0xff, 0xff, 0x00, 0xff, 0xff, 0xff, 0x00, 0xff, 0xff, 0xff, 0x00, 0xff, 0xff, 0xff, 0x00,
	0xff, 0xff, 0xff, 0xff, 0xff, 0xff, 0xff, 0x00, 0xff, 0xff, 0xff, 0x00, 0xff, 0xff, 0xff, 0xff,
	0xff, 0xff, 0xff, 0x00, 0xff, 0xff, 0xff, 0x00, 0xff, 0xff, 0xff, 0x00, 0xff, 0xff, 0xff, 0xff,
	0xff, 0xff, 0xff, 0x00, 0xff, 0xff, 0xff, 0x00, 0xff, 0xff, 0xff, 0x00, 0xff, 0xff, 0xff, 0x00,
	0xff, 0xff, 0xff, 0x00, 0xff, 0xff, 0xff, 0x00, 0xff, 0xff, 0xff, 0x00, 0xff, 0xff, 0xff, 0x00,
	0xff, 0xff, 0xff, 0x00, 0xff, 0xff, 0xff, 0x00, 0xff, 0xff, 0xff, 0x00, 0xff, 0xff, 0xff, 0x00,
	0xff, 0xff, 0xff, 0x00, 0xff, 0xff, 0xff, 0xff, 0xff, 0xff, 0xff, 0x00, 0xff, 0xff, 0xff, 0x00,
	0xff, 0xff, 0xff, 0x00, 0xff, 0xff, 0xff, 0xff, 0xff, 0xff, 0xff, 0x00, 0xff, 0xff, 0xff, 0xff,
	0xff, 0xff, 0xff, 0x00, 0xff, 0xff, 0xff, 0x00, 0xff, 0xff, 0xff, 0x00, 0xff, 0xff, 0xff, 0xff,
	0xff, 0xff, 0xff, 0x00, 0xff, 0xff, 0xff, 0xff, 0xff, 0xff, 0xff, 0x00, 0xff, 0xff, 0xff, 0x00,
	0xff, 0xff, 0xff, 0x00, 0xff, 0xff, 0xff, 0x00, 0xff, 0xff, 0xff, 0x00, 0xff, 0xff, 0xff, 0xff,
	0xff, 0xff, 0xff, 0x00, 0xff, 0xff, 0xff, 0x00, 0xff, 0xff, 0xff, 0x00, 0xff, 0xff, 0xff, 0xff,
	0xff, 0xff, 0xff, 0x00, 0xff, 0xff, 0xff, 0xff, 0xff, 0xff, 0xff, 0x00, 0xff, 0xff, 0xff, 0x00,
	0xff, 0xff, 0xff, 0x00, 0xff, 0xff, 0xff, 0x00, 0xff, 0xff, 0xff, 0x00, 0xff, 0xff, 0xff, 0xff,
	0xff, 0xff, 0xff, 0x00, 0xff, 0xff, 0xff, 0x00, 0xff, 0xff, 0xff, 0x00, 0xff, 0xff, 0xff, 0x00,
	0xff, 0xff, 0xff, 0x00, 0xff, 0xff, 0xff, 0xff, 0xff, 0xff, 0xff, 0x00, 0xff, 0xff, 0xff, 0x00,
	0xff, 0xff, 0xff, 0x00, 0xff, 0xff, 0xff, 0x00, 0x00, 0x00, 0x00, 0x00, 0xff, 0xff, 0xff, 0x00,
	0xff, 0xff, 0xff, 0x00, 0xff, 0xff, 0xff, 0xff, 0xff, 0xff, 0xff, 0x00, 0xff, 0xff, 0xff, 0x00,
	0xff, 0xff, 0xff, 0x00, 0xff, 0xff, 0xff, 0x00, 0xff, 0xff, 0xff, 0x00, 0xff, 0xff, 0xff, 0x00,
	0xff, 0xff, 0xff, 0xff, 0xff, 0xff, 0xff, 0x00, 0xff, 0xff, 0xff, 0x00, 0xff, 0xff, 0xff, 0x00,
	0xff, 0xff, 0xff, 0x00, 0xff, 0xff, 0xff, 0x00, 0xff, 0xff, 0xff, 0x00, 0xff, 0xff, 0xff, 0x00,
	0xff, 0xff, 0xff, 0x00, 0xff, 0xff, 0xff, 0x00, 0xff, 0xff, 0xff, 0x00, 0xff, 0xff, 0xff, 0x00,
	0xff, 0xff, 0xff, 0x00, 0xff, 0xff, 0xff, 0x00, 0xff, 0xff, 0xff, 0x00, 0xff, 0xff, 0xff, 0x00,
	0xff, 0xff, 0xff, 0x00, 0xff, 0xff, 0xff, 0x00, 0xff, 0xff, 0xff, 0x00, 0xff, 0xff, 0xff, 0x00,
	0xff, 0xff, 0xff, 0x00, 0xff, 0xff, 0xff, 0xff, 0xff, 0xff, 0xff, 0x00, 0xff, 0xff, 0xff, 0x00,
	0xff, 0xff, 0xff, 0x00, 0xff, 0xff, 0xff, 0xff, 0xff, 0xff, 0xff, 0x00, 0xff, 0xff, 0xff, 0xff,
	0xff, 0xff, 0xff, 0xff, 0xff, 0xff, 0xff, 0xff, 0xff, 0xff, 0xff, 0xff, 0xff, 0xff, 0xff, 0x00,
	0xff, 0xff, 0xff, 0x00, 0xff, 0xff, 0xff, 0xff, 0xff, 0xff, 0xff, 0x00, 0xff, 0xff, 0xff, 0x00,
	0xff, 0xff, 0xff, 0x00, 0xff, 0xff, 0xff, 0x00, 0xff, 0xff, 0xff, 0x00, 0xff, 0xff, 0xff, 0xff,
	0xff, 0xff, 0xff, 0x00, 0xff, 0xff, 0xff, 0x00, 0xff, 0xff, 0xff, 0x00, 0xff, 0xff, 0xff, 0xff,
	0xff, 0xff, 0xff, 0x00, 0xff, 0xff, 0xff, 0xff, 0xff, 0xff, 0xff, 0xff, 0xff, 0xff, 0xff, 0xff,
	0xff, 0xff, 0xff, 0xff, 0xff, 0xff, 0xff, 0x00, 0xff, 0xff, 0xff, 0x00, 0xff, 0xff, 0xff, 0xff,
	0xff, 0xff, 0xff, 0xff, 0xff, 0xff, 0xff, 0xff, 0xff, 0xff, 0xff, 0xff, 0xff, 0xff, 0xff, 0x00,
	0xff, 0xff, 0xff, 0x00, 0xff, 0xff, 0xff, 0xff, 0xff, 0xff, 0xff, 0x00, 0xff, 0xff, 0xff, 0x00,
	0xff, 0xff, 0xff, 0x00, 0xff, 0xff, 0xff, 0x00, 0x00, 0x00, 0x00, 0x00, 0xff, 0xff, 0xff, 0x00,
	0xff, 0xff, 0xff, 0x00, 0xff, 0xff, 0xff, 0x00, 0xff, 0xff, 0xff, 0xff, 0xff, 0xff, 0xff, 0x00,
	0xff, 0xff, 0xff, 0x00, 0xff, 0xff, 0xff, 0x00, 0xff, 0xff, 0xff, 0x00, 0xff, 0xff, 0xff, 0x00,
	0xff, 0xff, 0xff, 0xff, 0xff, 0xff, 0xff, 0x00, 0xff, 0xff, 0xff, 0x00, 0xff, 0xff, 0xff, 0x00,
	0xff, 0xff, 0xff, 0x00, 0xff, 0xff, 0xff, 0x00, 0xff, 0xff, 0xff, 0x00, 0xff, 0xff, 0xff, 0x00,
	0xff, 0xff, 0xff, 0x00, 0xff, 0xff, 0xff, 0x00, 0xff, 0xff, 0xff, 0x00, 0xff, 0xff, 0xff, 0x00,
	0xff, 0xff, 0xff, 0x00, 0xff, 0xff, 0xff, 0x00, 0xff, 0xff, 0xff, 0x00, 0xff, 0xff, 0xff, 0x00,
	0xff, 0xff, 0xff, 0x00, 0xff, 0xff, 0xff, 0x00, 0xff, 0xff, 0xff, 0x00, 0xff, 0xff, 0xff, 0x00,
	0xff, 0xff, 0xff, 0x00, 0xff, 0xff, 0xff, 0xff, 0xff, 0xff, 0xff, 0xff, 0xff, 0xff, 0xff, 0xff,
	0xff, 0xff, 0xff, 0xff, 0xff, 0xff, 0xff, 0xff, 0xff, 0xff, 0xff, 0x00, 0xff, 0xff, 0xff, 0xff,
	0xff, 0xff, 0xff, 0x00, 0xff, 0xff, 0xff, 0x00, 0xff, 0xff, 0xff, 0x00, 0xff, 0xff, 0xff, 0xff,
	0xff, 0xff, 0xff, 0x00, 0xff, 0xff, 0xff, 0xff, 0xff, 0xff, 0xff, 0x00, 0xff, 0xff, 0xff, 0x00,
	0xff, 0xff, 0xff, 0x00, 0xff, 0xff, 0xff, 0x00, 0xff, 0xff, 0xff, 0x00, 0xff, 0xff, 0xff, 0xff,
	0xff, 0xff, 0xff, 0x00, 0xff, 0xff, 0xff, 0x00, 0xff, 0xff, 0xff, 0x00, 0xff, 0xff, 0xff, 0xff,
	0xff, 0xff, 0xff, 0x00, 0xff, 0xff, 0xff, 0xff, 0xff, 0xff, 0xff, 0x00, 0xff, 0xff, 0xff, 0x00,
	0xff, 0xff, 0xff, 0x00, 0xff, 0xff, 0xff, 0x00, 0xff, 0xff, 0xff, 0x00, 0xff, 0xff, 0xff, 0xff,
	0xff, 0xff, 0xff, 0x00, 0xff, 0xff, 0xff, 0x00, 0xff, 0xff, 0xff, 0x00, 0xff, 0xff, 0xff, 0x00,
	0xff, 0xff, 0xff, 0x00, 0xff, 0xff, 0xff, 0xff, 0xff, 0xff, 0xff, 0x00, 0xff, 0xff, 0xff, 0x00,
	0xff, 0xff, 0xff, 0xff, 0xff, 0xff, 0xff, 0xff, 0x00, 0x00, 0x00, 0x00, 0xff, 0xff, 0xff, 0x00,
	0xff, 0xff, 0xff, 0x00, 0xff, 0xff, 0xff, 0x00, 0xff, 0xff, 0xff, 0xff, 0xff, 0xff, 0xff, 0x00,
	0xff, 0xff, 0xff, 0x00, 0xff, 0xff, 0xff, 0x00, 0xff, 0xff, 0xff, 0x00, 0xff, 0xff, 0xff, 0x00,
	0xff, 0xff, 0xff, 0xff, 0xff, 0xff, 0xff, 0x00, 0xff, 0xff, 0xff, 0x00, 0xff, 0xff, 0xff, 0x00,
	0xff, 0xff, 0xff, 0x00, 0xff, 0xff, 0xff, 0x00, 0xff, 0xff, 0xff, 0x00, 0xff, 0xff, 0xff, 0x00,
	0xff, 0xff, 0xff, 0x00, 0xff, 0xff, 0xff, 0x00, 0xff, 0xff, 0xff, 0x00, 0xff, 0xff, 0xff, 0x00,
	0xff, 0xff, 0xff, 0x00, 0xff, 0xff, 0xff, 0x00, 0xff, 0xff, 0xff, 0x00, 0xff, 0xff, 0xff, 0x00,
	0xff, 0xff, 0xff, 0x00, 0xff, 0xff, 0xff, 0x00, 0xff, 0xff, 0xff, 0x00, 0xff, 0xff, 0xff, 0x00,
	0xff, 0xff, 0xff, 0x00, 0xff, 0xff, 0xff, 0xff, 0xff, 0xff, 0xff, 0x00, 0xff, 0xff, 0xff, 0x00,
	0xff, 0xff, 0xff, 0x00, 0xff, 0xff, 0xff, 0xff, 0xff, 0xff, 0xff, 0x00, 0xff, 0xff, 0xff, 0xff,
	0xff, 0xff, 0xff, 0x00, 0xff, 0xff, 0xff, 0x00, 0xff, 0xff, 0xff, 0x00, 0xff, 0xff, 0xff, 0xff,
	0xff, 0xff, 0xff, 0x00, 0xff, 0xff, 0xff, 0xff, 0xff, 0xff, 0xff, 0x00, 0xff, 0xff, 0xff, 0x00,
	0xff, 0xff, 0xff, 0x00, 0xff, 0xff, 0xff, 0xff, 0xff, 0xff, 0xff, 0x00, 0xff, 0xff, 0xff, 0xff,
	0xff, 0xff, 0xff, 0x00, 0xff, 0xff, 0xff, 0x00, 0xff, 0xff, 0xff, 0x00, 0xff, 0xff, 0xff, 0xff,
	0xff, 0xff, 0xff, 0x00, 0xff, 0xff, 0xff, 0xff, 0xff, 0xff, 0xff, 0x00, 0xff, 0xff, 0xff, 0x00,
	0xff, 0xff, 0xff, 0x00, 0xff, 0xff, 0xff, 0x00, 0xff, 0xff, 0xff, 0x00, 0xff, 0xff, 0xff, 0xff,
	0xff, 0xff, 0xff, 0x00, 0xff, 0xff, 0xff, 0x00, 0xff, 0xff, 0xff, 0x00, 0xff, 0xff, 0xff, 0x00,
	0xff, 0xff, 0xff, 0x00, 0xff, 0xff, 0xff, 0xff, 0xff, 0xff, 0xff, 0x00, 0xff, 0xff, 0xff, 0x00,
	0xff, 0xff, 0xff, 0x00, 0xff, 0xff, 0xff, 0xff, 0x00, 0x00, 0x00, 0x00, 0xff, 0xff, 0xff, 0x00,
	0xff, 0xff, 0xff, 0x00, 0xff, 0xff, 0xff, 0x00, 0xff, 0xff, 0xff, 0x00, 0xff, 0xff, 0xff, 0xff,
	0xff, 0xff, 0xff, 0x00, 0xff, 0xff, 0xff, 0x00, 0xff, 0xff, 0xff, 0xff, 0xff, 0xff, 0xff, 0xff,
	0xff, 0xff, 0xff, 0xff, 0xff, 0xff, 0xff, 0x00, 0xff, 0xff, 0xff, 0x00, 0xff, 0xff, 0xff, 0x00,
	0xff, 0xff, 0xff, 0x00, 0xff, 0xff, 0xff, 0x00, 0xff, 0xff, 0xff, 0x00, 0xff, 0xff, 0xff, 0x00,
	0xff, 0xff, 0xff, 0x00, 0xff, 0xff, 0xff, 0xff, 0xff, 0xff, 0xff, 0xff, 0xff, 0xff, 0xff, 0xff,
	0xff, 0xff, 0xff, 0xff, 0xff, 0xff, 0xff, 0xff, 0xff, 0xff, 0xff, 0x00, 0xff, 0xff, 0xff, 0x00,
	0xff, 0xff, 0xff, 0x00, 0xff, 0xff, 0xff, 0x00, 0xff, 0xff, 0xff, 0x00, 0xff, 0xff, 0xff, 0x00,
	0xff, 0xff, 0xff, 0x00, 0xff, 0xff, 0xff, 0xff, 0xff, 0xff, 0xff, 0x00, 0xff, 0xff, 0xff, 0x00,
	0xff, 0xff, 0xff, 0x00, 0xff, 0xff, 0xff, 0xff, 0xff, 0xff, 0xff, 0x00, 0xff, 0xff, 0xff, 0xff,
	0xff, 0xff, 0xff, 0xff, 0xff, 0xff, 0xff, 0xff, 0xff, 0xff, 0xff, 0xff, 0xff, 0xff, 0xff, 0x00,
	0xff, 0xff, 0xff, 0x00, 0xff, 0xff, 0xff, 0x00, 0xff, 0xff, 0xff, 0xff, 0xff, 0xff, 0xff, 0xff,
	0xff, 0xff, 0xff, 0xff, 0xff, 0xff, 0xff, 0x00, 0xff, 0xff, 0xff, 0x00, 0xff, 0xff, 0xff, 0xff,
	0xff, 0xff, 0xff, 0xff, 0xff, 0xff, 0xff, 0xff, 0xff, 0xff, 0xff, 0xff, 0xff, 0xff, 0xff, 0x00,
	0xff, 0xff, 0xff, 0x00, 0xff, 0xff, 0xff, 0xff, 0xff, 0xff, 0xff, 0xff, 0xff, 0xff, 0xff, 0xff,
	0xff, 0xff, 0xff, 0xff, 0xff, 0xff, 0xff, 0xff, 0xff, 0xff, 0xff, 0x00, 0xff, 0xff, 0xff, 0xff,
	0xff, 0xff, 0xff, 0x00, 0xff, 0xff, 0xff, 0x00, 0xff, 0xff, 0xff, 0x00, 0xff, 0xff, 0xff, 0x00,
	0xff, 0xff, 0xff, 0x00, 0xff, 0xff, 0xff, 0x00, 0xff, 0xff, 0xff, 0xff, 0xff, 0xff, 0xff, 0xff,
	0xff, 0xff, 0xff, 0xff, 0xff, 0xff, 0xff, 0x00, 0x00, 0x00, 0x00, 0x00, 0xff, 0xff, 0xff, 0x00,
	0xff, 0xff, 0xff, 0x00, 0xff, 0xff, 0xff, 0x00, 0xff, 0xff, 0xff, 0x00, 0xff, 0xff, 0xff, 0x00,
	0xff, 0xff, 0xff, 0x00, 0xff, 0xff, 0xff, 0x00, 0xff, 0xff, 0xff, 0x00, 0xff, 0xff, 0xff, 0x00,
	0xff, 0xff, 0xff, 0x00, 0xff, 0xff, 0xff, 0x00, 0xff, 0xff, 0xff, 0x00, 0xff, 0xff, 0xff, 0x00,
	0xff, 0xff, 0xff, 0x00, 0xff, 0xff, 0xff, 0x00, 0xff, 0xff, 0xff, 0x00, 0xff, 0xff, 0xff, 0x00,
	0xff, 0xff, 0xff, 0x00, 0xff, 0xff, 0xff, 0x00, 0xff, 0xff, 0xff, 0x00, 0xff, 0xff, 0xff, 0x00,
	0xff, 0xff, 0xff, 0x00, 0xff, 0xff, 0xff, 0x00, 0xff, 0xff, 0xff, 0x00, 0xff, 0xff, 0xff, 0x00,
	0xff, 0xff, 0xff, 0x00, 0xff, 0xff, 0xff, 0x00, 0xff, 0xff, 0xff, 0x00, 0xff, 0xff, 0xff, 0x00,
	0xff, 0xff, 0xff, 0x00, 0xff, 0xff, 0xff, 0x00, 0xff, 0xff, 0xff, 0x00, 0xff, 0xff, 0xff, 0x00,
	0xff, 0xff, 0xff, 0x00, 0xff, 0xff, 0xff, 0x00, 0xff, 0xff, 0xff, 0x00, 0xff, 0xff, 0xff, 0x00,
	0xff, 0xff, 0xff, 0x00, 0xff, 0xff, 0xff, 0x00, 0xff, 0xff, 0xff, 0x00, 0xff, 0xff, 0xff, 0x00,
	0xff, 0xff, 0xff, 0x00, 0xff, 0xff, 0xff, 0x00, 0xff, 0xff, 0xff, 0x00, 0xff, 0xff, 0xff, 0x00,
	0xff, 0xff, 0xff, 0x00, 0xff, 0xff, 0xff, 0x00, 0xff, 0xff, 0xff, 0x00, 0xff, 0xff, 0xff, 0x00,
	0xff, 0xff, 0xff, 0x00, 0xff, 0xff, 0xff, 0x00, 0xff, 0xff, 0xff, 0x00, 0xff, 0xff, 0xff, 0x00,
	0xff, 0xff, 0xff, 0x00, 0xff, 0xff, 0xff, 0x00, 0xff, 0xff, 0xff, 0x00, 0xff, 0xff, 0xff, 0x00,
	0xff, 0xff, 0xff, 0x00, 0xff, 0xff, 0xff, 0x00, 0xff, 0xff, 0xff, 0x00, 0xff, 0xff, 0xff, 0x00,
	0xff, 0xff, 0xff, 0x00, 0xff, 0xff, 0xff, 0x00, 0xff, 0xff, 0xff, 0x00, 0xff, 0xff, 0xff, 0x00,
	0xff, 0xff, 0xff, 0x00, 0xff, 0xff, 0xff, 0x00, 0xff, 0xff, 0xff, 0x00, 0xff, 0xff, 0xff, 0x00,
	0xff, 0xff, 0xff, 0x00, 0xff, 0xff, 0xff, 0x00, 0x00, 0x00, 0x00, 0x00, 0xff, 0xff, 0xff, 0xff,
	0xff, 0xff, 0xff, 0x00, 0xff, 0xff, 0xff, 0x00, 0xff, 0xff, 0xff, 0x00, 0xff, 0xff, 0xff, 0xff,
	0xff, 0xff, 0xff, 0x00, 0xff, 0xff, 0xff, 0xff, 0xff, 0xff, 0xff, 0xff, 0xff, 0xff, 0xff, 0xff,
	0xff, 0xff, 0xff, 0xff, 0xff, 0xff, 0xff, 0xff, 0xff, 0xff, 0xff, 0x00, 0xff, 0xff, 0xff, 0x00,
	0xff, 0xff, 0xff, 0x00, 0xff, 0xff, 0xff, 0xff, 0xff, 0xff, 0xff, 0xff, 0xff, 0xff, 0xff, 0xff,
	0xff, 0xff, 0xff, 0x00, 0xff, 0xff, 0xff, 0xff, 0xff, 0xff, 0xff, 0x00, 0xff, 0xff, 0xff, 0x00,
	0xff, 0xff, 0xff, 0x00, 0xff, 0xff, 0xff, 0xff, 0xff, 0xff, 0xff, 0x00, 0xff, 0xff, 0xff, 0xff,
	0xff, 0xff, 0xff, 0x00, 0xff, 0xff, 0xff, 0x00, 0xff, 0xff, 0xff, 0x00, 0xff, 0xff, 0xff, 0x00,
	0xff, 0xff, 0xff, 0x00, 0xff, 0xff, 0xff, 0xff, 0xff, 0xff, 0xff, 0x00, 0xff, 0xff, 0xff, 0x00,
	0xff, 0xff, 0xff, 0x00, 0xff, 0xff, 0xff, 0xff, 0xff, 0xff, 0xff, 0x00, 0xff, 0xff, 0xff, 0xff,
	0xff, 0xff, 0xff, 0x00, 0xff, 0xff, 0xff, 0x00, 0xff, 0xff, 0xff, 0x00, 0xff, 0xff, 0xff, 0xff,
	0xff, 0xff, 0xff, 0x00, 0xff, 0xff, 0xff, 0x00, 0xff, 0xff, 0xff, 0xff, 0xff, 0xff, 0xff, 0xff,
	0xff, 0xff, 0xff, 0xff, 0xff, 0xff, 0xff, 0x00, 0xff, 0xff, 0xff, 0x00, 0xff, 0xff, 0xff, 0xff,
	0xff, 0xff, 0xff, 0xff, 0xff, 0xff, 0xff, 0xff, 0xff, 0xff, 0xff, 0xff, 0xff, 0xff, 0xff, 0x00,
	0xff, 0xff, 0xff, 0x00, 0xff, 0xff, 0xff, 0x00, 0xff, 0xff, 0xff, 0xff, 0xff, 0xff, 0xff, 0xff,
	0xff, 0xff, 0xff, 0xff, 0xff, 0xff, 0xff, 0x00, 0xff, 0xff, 0xff, 0x00, 0xff, 0xff, 0xff, 0xff,
	0xff, 0xff, 0xff, 0xff, 0xff, 0xff, 0xff, 0xff, 0xff, 0xff, 0xff, 0xff, 0xff, 0xff, 0xff, 0x00,
	0xff, 0xff, 0xff, 0x00, 0xff, 0xff, 0xff, 0x00, 0xff, 0xff, 0xff, 0xff, 0xff, 0xff, 0xff, 0xff,
	0xff, 0xff, 0xff, 0xff, 0xff, 0xff, 0xff, 0x00, 0x00, 0x00, 0x00, 0x00, 0xff, 0xff, 0xff, 0xff,
	0xff, 0xff, 0xff, 0x00, 0xff, 0xff, 0xff, 0x00, 0xff, 0xff, 0xff, 0x00, 0xff, 0xff, 0xff, 0xff,
	0xff, 0xff, 0xff, 0x00, 0xff, 0xff, 0xff, 0x00, 0xff, 0xff, 0xff, 0x00, 0xff, 0xff, 0xff, 0xff,
	0xff, 0xff, 0xff, 0x00, 0xff, 0xff, 0xff, 0x00, 0xff, 0xff, 0xff, 0x00, 0xff, 0xff, 0xff, 0x00,
	0xff, 0xff, 0xff, 0x00, 0xff, 0xff, 0xff, 0x00, 0xff, 0xff, 0xff, 0x00, 0xff, 0xff, 0xff, 0xff,
	0xff, 0xff, 0xff, 0x00, 0xff, 0xff, 0xff, 0xff, 0xff, 0xff, 0xff, 0x00, 0xff, 0xff, 0xff, 0x00,
	0xff, 0xff, 0xff, 0xff, 0xff, 0xff, 0xff, 0x00, 0xff, 0xff, 0xff, 0x00, 0xff, 0xff, 0xff, 0xff,
	0xff, 0xff, 0xff, 0x00, 0xff, 0xff, 0xff, 0x00, 0xff, 0xff, 0xff, 0x00, 0xff, 0xff, 0xff, 0x00,
	0xff, 0xff, 0xff, 0x00, 0xff, 0xff, 0xff, 0xff, 0xff, 0xff, 0xff, 0xff, 0xff, 0xff, 0xff, 0x00,
	0xff, 0xff, 0xff, 0xff, 0xff, 0xff, 0xff, 0xff, 0xff, 0xff, 0xff, 0x00, 0xff, 0xff, 0xff, 0xff,
	0xff, 0xff, 0xff, 0xff, 0xff, 0xff, 0xff, 0x00, 0xff, 0xff, 0xff, 0x00, 0xff, 0xff, 0xff, 0xff,
	0xff, 0xff, 0xff, 0x00, 0xff, 0xff, 0xff, 0xff, 0xff, 0xff, 0xff, 0x00, 0xff, 0xff, 0xff, 0x00,
	0xff, 0xff, 0xff, 0x00, 0xff, 0xff, 0xff, 0xff, 0xff, 0xff, 0xff, 0x00, 0xff, 0xff, 0xff, 0xff,
	0xff, 0xff, 0xff, 0x00, 0xff, 0xff, 0xff, 0x00, 0xff, 0xff, 0xff, 0x00, 0xff, 0xff, 0xff, 0xff,
	0xff, 0xff, 0xff, 0x00, 0xff, 0xff, 0xff, 0xff, 0xff, 0xff, 0xff, 0x00, 0xff, 0xff, 0xff, 0x00,
	0xff, 0xff, 0xff, 0x00, 0xff, 0xff, 0xff, 0xff, 0xff, 0xff, 0xff, 0x00, 0xff, 0xff, 0xff, 0xff,
	0xff, 0xff, 0xff, 0x00, 0xff, 0xff, 0xff, 0x00, 0xff, 0xff, 0xff, 0x00, 0xff, 0xff, 0xff, 0xff,
	0xff, 0xff, 0xff, 0x00, 0xff, 0xff, 0xff, 0xff, 0xff, 0xff, 0xff, 0x00, 0xff, 0xff, 0xff, 0x00,
	0xff, 0xff, 0xff, 0x00, 0xff, 0xff, 0xff, 0xff, 0x00, 0x00, 0x00, 0x00, 0xff, 0xff, 0xff, 0xff,
	0xff, 0xff, 0xff, 0x00, 0xff, 0xff, 0xff, 0x00, 0xff, 0xff, 0xff, 0x00, 0xff, 0xff, 0xff, 0xff,
	0xff, 0xff, 0xff, 0x00, 0xff, 0xff, 0xff, 0x00, 0xff, 0xff, 0xff, 0x00, 0xff, 0xff, 0xff, 0xff,
	0xff, 0xff, 0xff, 0x00, 0xff, 0xff, 0xff, 0x00, 0xff, 0xff, 0xff, 0x00, 0xff, 0xff, 0xff, 0x00,
	0xff, 0xff, 0xff, 0x00, 0xff, 0xff, 0xff, 0x00, 0xff, 0xff, 0xff, 0x00, 0xff, 0xff, 0xff, 0xff,
	0xff, 0xff, 0xff, 0x00, 0xff, 0xff, 0xff, 0xff, 0xff, 0xff, 0xff, 0x00, 0xff, 0xff, 0xff, 0xff,
	0xff, 0xff, 0xff, 0x00, 0xff, 0xff, 0xff, 0x00, 0xff, 0xff, 0xff, 0x00, 0xff, 0xff, 0xff, 0xff,
	0xff, 0xff, 0xff, 0x00, 0xff, 0xff, 0xff, 0x00, 0xff, 0xff, 0xff, 0x00, 0xff, 0xff, 0xff, 0x00,
	0xff, 0xff, 0xff, 0x00, 0xff, 0xff, 0xff, 0xff, 0xff, 0xff, 0xff, 0x00, 0xff, 0xff, 0xff, 0xff,
	0xff, 0xff, 0xff, 0x00, 0xff, 0xff, 0xff, 0xff, 0xff, 0xff, 0xff, 0x00, 0xff, 0xff, 0xff, 0xff,
	0xff, 0xff, 0xff, 0x00, 0xff, 0xff, 0xff, 0xff, 0xff, 0xff, 0xff, 0x00, 0xff, 0xff, 0xff, 0xff,
	0xff, 0xff, 0xff, 0x00, 0xff, 0xff, 0xff, 0xff, 0xff, 0xff, 0xff, 0x00, 0xff, 0xff, 0xff, 0x00,
	0xff, 0xff, 0xff, 0x00, 0xff, 0xff, 0xff, 0xff, 0xff, 0xff, 0xff, 0x00, 0xff, 0xff, 0xff, 0xff,
	0xff, 0xff, 0xff, 0x00, 0xff, 0xff, 0xff, 0x00, 0xff, 0xff, 0xff, 0x00, 0xff, 0xff, 0xff, 0xff,
	0xff, 0xff, 0xff, 0x00, 0xff, 0xff, 0xff, 0xff, 0xff, 0xff, 0xff, 0x00, 0xff, 0xff, 0xff, 0x00,
	0xff, 0xff, 0xff, 0x00, 0xff, 0xff, 0xff, 0xff, 0xff, 0xff, 0xff, 0x00, 0xff, 0xff, 0xff, 0xff,
	0xff, 0xff, 0xff, 0x00, 0xff, 0xff, 0xff, 0x00, 0xff, 0xff, 0xff, 0x00, 0xff, 0xff, 0xff, 0xff,
	0xff, 0xff, 0xff, 0x00, 0xff, 0xff, 0xff, 0xff, 0xff, 0xff, 0xff, 0x00, 0xff, 0xff, 0xff, 0x00,
	0xff, 0xff, 0xff, 0x00, 0xff, 0xff, 0xff, 0x00, 0x00, 0x00, 0x00, 0x00, 0xff, 0xff, 0xff, 0xff,
	0xff, 0xff, 0xff, 0xff, 0xff, 0xff, 0xff, 0xff, 0xff, 0xff, 0xff, 0xff, 0xff, 0xff, 0xff, 0xff,
	0xff, 0xff, 0xff, 0x00, 0xff, 0xff, 0xff, 0x00, 0xff, 0xff, 0xff, 0x00, 0xff, 0xff, 0xff, 0xff,
	0xff, 0xff, 0xff, 0x00, 0xff, 0xff, 0xff, 0x00, 0xff, 0xff, 0xff, 0x00, 0xff, 0xff, 0xff, 0x00,
	0xff, 0xff, 0xff, 0x00, 0xff, 0xff, 0xff, 0x00, 0xff, 0xff, 0xff, 0x00, 0xff, 0xff, 0xff, 0xff,
	0xff, 0xff, 0xff, 0x00, 0xff, 0xff, 0xff, 0xff, 0xff, 0xff, 0xff, 0xff, 0xff, 0xff, 0xff, 0x00,
	0xff, 0xff, 0xff, 0x00, 0xff, 0xff, 0xff, 0x00, 0xff, 0xff, 0xff, 0x00, 0xff, 0xff, 0xff, 0xff,
	0xff, 0xff, 0xff, 0x00, 0xff, 0xff, 0xff, 0x00, 0xff, 0xff, 0xff, 0x00, 0xff, 0xff, 0xff, 0x00,
	0xff, 0xff, 0xff, 0x00, 0xff, 0xff, 0xff, 0xff, 0xff, 0xff, 0xff, 0x00, 0xff, 0xff, 0xff, 0xff,
	0xff, 0xff, 0xff, 0x00, 0xff, 0xff, 0xff, 0xff, 0xff, 0xff, 0xff, 0x00, 0xff, 0xff, 0xff, 0xff,
	0xff, 0xff, 0xff, 0x00, 0xff, 0xff, 0xff, 0x00, 0xff, 0xff, 0xff, 0xff, 0xff, 0xff, 0xff, 0xff,
	0xff, 0xff, 0xff, 0x00, 0xff, 0xff, 0xff, 0xff, 0xff, 0xff, 0xff, 0x00, 0xff, 0xff, 0xff, 0x00,
	0xff, 0xff, 0xff, 0x00, 0xff, 0xff, 0xff, 0xff, 0xff, 0xff, 0xff, 0x00, 0xff, 0xff, 0xff, 0xff,
	0xff, 0xff, 0xff, 0xff, 0xff, 0xff, 0xff, 0xff, 0xff, 0xff, 0xff, 0xff, 0xff, 0xff, 0xff, 0x00,
	0xff, 0xff, 0xff, 0x00, 0xff, 0xff, 0xff, 0xff, 0xff, 0xff, 0xff, 0x00, 0xff, 0xff, 0xff, 0x00,
	0xff, 0xff, 0xff, 0x00, 0xff, 0xff, 0xff, 0xff, 0xff, 0xff, 0xff, 0x00, 0xff, 0xff, 0xff, 0xff,
	0xff, 0xff, 0xff, 0xff, 0xff, 0xff, 0xff, 0xff, 0xff, 0xff, 0xff, 0xff, 0xff, 0xff, 0xff, 0x00,
	0xff, 0xff, 0xff, 0x00, 0xff, 0xff, 0xff, 0x00, 0xff, 0xff, 0xff, 0xff, 0xff, 0xff, 0xff, 0xff,
	0xff, 0xff, 0xff, 0xff, 0xff, 0xff, 0xff, 0x00, 0x00, 0x00, 0x00, 0x00, 0xff, 0xff, 0xff, 0xff,
	0xff, 0xff, 0xff, 0x00, 0xff, 0xff, 0xff, 0x00, 0xff, 0xff, 0xff, 0x00, 0xff, 0xff, 0xff, 0xff,
	0xff, 0xff, 0xff, 0x00, 0xff, 0xff, 0xff, 0x00, 0xff, 0xff, 0xff, 0x00, 0xff, 0xff, 0xff, 0xff,
	0xff, 0xff, 0xff, 0x00, 0xff, 0xff, 0xff, 0x00, 0xff, 0xff, 0xff, 0x00, 0xff, 0xff, 0xff, 0x00,
	0xff, 0xff, 0xff, 0x00, 0xff, 0xff, 0xff, 0x00, 0xff, 0xff, 0xff, 0x00, 0xff, 0xff, 0xff, 0xff,
	0xff, 0xff, 0xff, 0x00, 0xff, 0xff, 0xff, 0xff, 0xff, 0xff, 0xff, 0x00, 0xff, 0xff, 0xff, 0xff,
	0xff, 0xff, 0xff, 0x00, 0xff, 0xff, 0xff, 0x00, 0xff, 0xff, 0xff, 0x00, 0xff, 0xff, 0xff, 0xff,
	0xff, 0xff, 0xff, 0x00, 0xff, 0xff, 0xff, 0x00, 0xff, 0xff, 0xff, 0x00, 0xff, 0xff, 0xff, 0x00,
	0xff, 0xff, 0xff, 0x00, 0xff, 0xff, 0xff, 0xff, 0xff, 0xff, 0xff, 0x00, 0xff, 0xff, 0xff, 0x00,
	0xff, 0xff, 0xff, 0x00, 0xff, 0xff, 0xff, 0xff, 0xff, 0xff, 0xff, 0x00, 0xff, 0xff, 0xff, 0xff,
	0xff, 0xff, 0xff, 0x00, 0xff, 0xff, 0xff, 0x00, 0xff, 0xff, 0xff, 0x00, 0xff, 0xff, 0xff, 0xff,
	0xff, 0xff, 0xff, 0x00, 0xff, 0xff, 0xff, 0xff, 0xff, 0xff, 0xff, 0x00, 0xff, 0xff, 0xff, 0x00,
	0xff, 0xff, 0xff, 0x00, 0xff, 0xff, 0xff, 0xff, 0xff, 0xff, 0xff, 0x00, 0xff, 0xff, 0xff, 0xff,
	0xff, 0xff, 0xff, 0x00, 0xff, 0xff, 0xff, 0x00, 0xff, 0xff, 0xff, 0x00, 0xff, 0xff, 0xff, 0x00,
	0xff, 0xff, 0xff, 0x00, 0xff, 0xff, 0xff, 0xff, 0xff, 0xff, 0xff, 0x00, 0xff, 0xff, 0xff, 0xff,
	0xff, 0xff, 0xff, 0x00, 0xff, 0xff, 0xff, 0xff, 0xff, 0xff, 0xff, 0x00, 0xff, 0xff, 0xff, 0xff,
	0xff, 0xff, 0xff, 0x00, 0xff, 0xff, 0xff, 0x00, 0xff, 0xff, 0xff, 0x00, 0xff, 0xff, 0xff, 0xff,
	0xff, 0xff, 0xff, 0x00, 0xff, 0xff, 0xff, 0x00, 0xff, 0xff, 0xff, 0x00, 0xff, 0xff, 0xff, 0x00,
	0xff, 0xff, 0xff, 0x00, 0xff, 0xff, 0xff, 0xff, 0x00, 0x00, 0x00, 0x00, 0xff, 0xff, 0xff, 0xff,
	0xff, 0xff, 0xff, 0x00, 0xff, 0xff, 0xff, 0x00, 0xff, 0xff, 0xff, 0x00, 0xff, 0xff, 0xff, 0xff,
	0xff, 0xff, 0xff, 0x00, 0xff, 0xff, 0xff, 0x00, 0xff, 0xff, 0xff, 0x00, 0xff, 0xff, 0xff, 0xff,
	0xff, 0xff, 0xff, 0x00, 0xff, 0xff, 0xff, 0x00, 0xff, 0xff, 0xff, 0x00, 0xff, 0xff, 0xff, 0xff,
	0xff, 0xff, 0xff, 0x00, 0xff, 0xff, 0xff, 0x00, 0xff, 0xff, 0xff, 0x00, 0xff, 0xff, 0xff, 0xff,
	0xff, 0xff, 0xff, 0x00, 0xff, 0xff, 0xff, 0xff, 0xff, 0xff, 0xff, 0x00, 0xff, 0xff, 0xff, 0x00,
	0xff, 0xff, 0xff, 0xff, 0xff, 0xff, 0xff, 0x00, 0xff, 0xff, 0xff, 0x00, 0xff, 0xff, 0xff, 0xff,
	0xff, 0xff, 0xff, 0x00, 0xff, 0xff, 0xff, 0x00, 0xff, 0xff, 0xff, 0x00, 0xff, 0xff, 0xff, 0x00,
	0xff, 0xff, 0xff, 0x00, 0xff, 0xff, 0xff, 0xff, 0xff, 0xff, 0xff, 0x00, 0xff, 0xff, 0xff, 0x00,
	0xff, 0xff, 0xff, 0x00, 0xff, 0xff, 0xff, 0xff, 0xff, 0xff, 0xff, 0x00, 0xff, 0xff, 0xff, 0xff,
	0xff, 0xff, 0xff, 0x00, 0xff, 0xff, 0xff, 0x00, 0xff, 0xff, 0xff, 0x00, 0xff, 0xff, 0xff, 0xff,
	0xff, 0xff, 0xff, 0x00, 0xff, 0xff, 0xff, 0xff, 0xff, 0xff, 0xff, 0x00, 0xff, 0xff, 0xff, 0x00,
	0xff, 0xff, 0xff, 0x00, 0xff, 0xff, 0xff, 0xff, 0xff, 0xff, 0xff, 0x00, 0xff, 0xff, 0xff, 0xff,
	0xff, 0xff, 0xff, 0x00, 0xff, 0xff, 0xff, 0x00, 0xff, 0xff, 0xff, 0x00, 0xff, 0xff, 0xff, 0x00,
	0xff, 0xff, 0xff, 0x00, 0xff, 0xff, 0xff, 0xff, 0xff, 0xff, 0xff, 0x00, 0xff, 0xff, 0xff, 0x00,
	0xff, 0xff, 0xff, 0xff, 0xff, 0xff, 0xff, 0x00, 0xff, 0xff, 0xff, 0x00, 0xff, 0xff, 0xff, 0xff,
	0xff, 0xff, 0xff, 0x00, 0xff, 0xff, 0xff, 0x00, 0xff, 0xff, 0xff, 0x00, 0xff, 0xff, 0xff, 0xff,
	0xff, 0xff, 0xff, 0x00, 0xff, 0xff, 0xff, 0xff, 0xff, 0xff, 0xff, 0x00, 0xff, 0xff, 0xff, 0x00,
	0xff, 0xff, 0xff, 0x00, 0xff, 0xff, 0xff, 0xff, 0x00, 0x00, 0x00, 0x00, 0xff, 0xff, 0xff, 0xff,
	0xff, 0xff, 0xff, 0x00, 0xff, 0xff, 0xff, 0x00, 0xff, 0xff, 0xff, 0x00, 0xff, 0xff, 0xff, 0xff,
	0xff, 0xff, 0xff, 0x00, 0xff, 0xff, 0xff, 0xff, 0xff, 0xff, 0xff, 0xff, 0xff, 0xff, 0xff, 0xff,
	0xff, 0xff, 0xff, 0xff, 0xff, 0xff, 0xff, 0xff, 0xff, 0xff, 0xff, 0x00, 0xff, 0xff, 0xff, 0x00,
	0xff, 0xff, 0xff, 0xff, 0xff, 0xff, 0xff, 0xff, 0xff, 0xff, 0xff, 0xff, 0xff, 0xff, 0xff, 0x00,
	0xff, 0xff, 0xff, 0x00, 0xff, 0xff, 0xff, 0xff, 0xff, 0xff, 0xff, 0x00, 0xff, 0xff, 0xff, 0x00,
	0xff, 0xff, 0xff, 0x00, 0xff, 0xff, 0xff, 0xff, 0xff, 0xff, 0xff, 0x00, 0xff, 0xff, 0xff, 0xff,
	0xff, 0xff, 0xff, 0xff, 0xff, 0xff, 0xff, 0xff, 0xff, 0xff, 0xff, 0xff, 0xff, 0xff, 0xff, 0xff,
	0xff, 0xff, 0xff, 0x00, 0xff, 0xff, 0xff, 0xff, 0xff, 0xff, 0xff, 0x00, 0xff, 0xff, 0xff, 0x00,
	0xff, 0xff, 0xff, 0x00, 0xff, 0xff, 0xff, 0xff, 0xff, 0xff, 0xff, 0x00, 0xff, 0xff, 0xff, 0xff,
	0xff, 0xff, 0xff, 0x00, 0xff, 0xff, 0xff, 0x00, 0xff, 0xff, 0xff, 0x00, 0xff, 0xff, 0xff, 0xff,
	0xff, 0xff, 0xff, 0x00, 0xff, 0xff, 0xff, 0x00, 0xff, 0xff, 0xff, 0xff, 0xff, 0xff, 0xff, 0xff,
	0xff, 0xff, 0xff, 0xff, 0xff, 0xff, 0xff, 0x00, 0xff, 0xff, 0xff, 0x00, 0xff, 0xff, 0xff, 0xff,
	0xff, 0xff, 0xff, 0x00, 0xff, 0xff, 0xff, 0x00, 0xff, 0xff, 0xff, 0x00, 0xff, 0xff, 0xff, 0x00,
	0xff, 0xff, 0xff, 0x00, 0xff, 0xff, 0xff, 0x00, 0xff, 0xff, 0xff, 0xff, 0xff, 0xff, 0xff, 0xff,
	0xff, 0xff, 0xff, 0x00, 0xff, 0xff, 0xff, 0xff, 0xff, 0xff, 0xff, 0x00, 0xff, 0xff, 0xff, 0xff,
	0xff, 0xff, 0xff, 0x00, 0xff, 0xff, 0xff, 0x00, 0xff, 0xff, 0xff, 0x00, 0xff, 0xff, 0xff, 0xff,
	0xff, 0xff, 0xff, 0x00, 0xff, 0xff, 0xff, 0x00, 0xff, 0xff, 0xff, 0xff, 0xff, 0xff, 0xff, 0xff,
	0xff, 0xff, 0xff, 0xff, 0xff, 0xff, 0xff, 0x00, 0x00, 0x00, 0x00, 0x00, 0xff, 0xff, 0xff, 0x00,
	0xff, 0xff, 0xff, 0x00, 0xff, 0xff, 0xff, 0x00, 0xff, 0xff, 0xff, 0x00, 0xff, 0xff, 0xff, 0x00,
	0xff, 0xff, 0xff, 0x00, 0xff, 0xff, 0xff, 0x00, 0xff, 0xff, 0xff, 0x00, 0xff, 0xff, 0xff, 0x00,
	0xff, 0xff, 0xff, 0x00, 0xff, 0xff, 0xff, 0x00, 0xff, 0xff, 0xff, 0x00, 0xff, 0xff, 0xff, 0x00,
	0xff, 0xff, 0xff, 0x00, 0xff, 0xff, 0xff, 0x00, 0xff, 0xff, 0xff, 0x00, 0xff, 0xff, 0xff, 0x00,
	0xff, 0xff, 0xff, 0x00, 0xff, 0xff, 0xff, 0x00, 0xff, 0xff, 0xff, 0x00, 0xff, 0xff, 0xff, 0x00,
	0xff, 0xff, 0xff, 0x00, 0xff, 0xff, 0xff, 0x00, 0xff, 0xff, 0xff, 0x00, 0xff, 0xff, 0xff, 0x00,
	0xff, 0xff, 0xff, 0x00, 0xff, 0xff, 0xff, 0x00, 0xff, 0xff, 0xff, 0x00, 0xff, 0xff, 0xff, 0x00,
	0xff, 0xff, 0xff, 0x00, 0xff, 0xff, 0xff, 0x00, 0xff, 0xff, 0xff, 0x00, 0xff, 0xff, 0xff, 0x00,
	0xff, 0xff, 0xff, 0x00, 0xff, 0xff, 0xff, 0x00, 0xff, 0xff, 0xff, 0x00, 0xff, 0xff, 0xff, 0x00,
	0xff, 0xff, 0xff, 0x00, 0xff, 0xff, 0xff, 0x00, 0xff, 0xff, 0xff, 0x00, 0xff, 0xff, 0xff, 0x00,
	0xff, 0xff, 0xff, 0x00, 0xff, 0xff, 0xff, 0x00, 0xff, 0xff, 0xff, 0x00, 0xff, 0xff, 0xff, 0x00,
	0xff, 0xff, 0xff, 0x00, 0xff, 0xff, 0xff, 0x00, 0xff, 0xff, 0xff, 0x00, 0xff, 0xff, 0xff, 0x00,
	0xff, 0xff, 0xff, 0x00, 0xff, 0xff, 0xff, 0x00, 0xff, 0xff, 0xff, 0x00, 0xff, 0xff, 0xff, 0x00,
	0xff, 0xff, 0xff, 0x00, 0xff, 0xff, 0xff, 0x00, 0xff, 0xff, 0xff, 0x00, 0xff, 0xff, 0xff, 0x00,
	0xff, 0xff, 0xff, 0x00, 0xff, 0xff, 0xff, 0x00, 0xff, 0xff, 0xff, 0x00, 0xff, 0xff, 0xff, 0x00,
	0xff, 0xff, 0xff, 0x00, 0xff, 0xff, 0xff, 0x00, 0xff, 0xff, 0xff, 0x00, 0xff, 0xff, 0xff, 0x00,
	0xff, 0xff, 0xff, 0x00, 0xff, 0xff, 0xff, 0x00, 0xff, 0xff, 0xff, 0x00, 0xff, 0xff, 0xff, 0x00,
	0xff, 0xff, 0xff, 0x00, 0xff, 0xff, 0xff, 0x00, 0x00, 0x00, 0x00, 0x00, 0xff, 0xff, 0xff, 0xff,
	0xff, 0xff, 0xff, 0xff, 0xff, 0xff, 0xff, 0xff, 0xff, 0xff, 0xff, 0xff, 0xff, 0xff, 0xff, 0xff,
	0xff, 0xff, 0xff, 0x00, 0xff, 0xff, 0xff, 0xff, 0xff, 0xff, 0xff, 0x00, 0xff, 0xff, 0xff, 0x00,
	0xff, 0xff, 0xff, 0x00, 0xff, 0xff, 0xff, 0xff, 0xff, 0xff, 0xff, 0x00, 0xff, 0xff, 0xff, 0xff,
	0xff, 0xff, 0xff, 0x00, 0xff, 0xff, 0xff, 0x00, 0xff, 0xff, 0xff, 0x00, 0xff, 0xff, 0xff, 0xff,
	0xff, 0xff, 0xff, 0x00, 0xff, 0xff, 0xff, 0xff, 0xff, 0xff, 0xff, 0x00, 0xff, 0xff, 0xff, 0x00,
	0xff, 0xff, 0xff, 0x00, 0xff, 0xff, 0xff, 0xff, 0xff, 0xff, 0xff, 0x00, 0xff, 0xff, 0xff, 0xff,
	0xff, 0xff, 0xff, 0x00, 0xff, 0xff, 0xff, 0x00, 0xff, 0xff, 0xff, 0x00, 0xff, 0xff, 0xff, 0xff,
	0xff, 0xff, 0xff, 0x00, 0xff, 0xff, 0xff, 0xff, 0xff, 0xff, 0xff, 0x00, 0xff, 0xff, 0xff, 0x00,
	0xff, 0xff, 0xff, 0x00, 0xff, 0xff, 0xff, 0xff, 0xff, 0xff, 0xff, 0x00, 0xff, 0xff, 0xff, 0xff,
	0xff, 0xff, 0xff, 0xff, 0xff, 0xff, 0xff, 0xff, 0xff, 0xff, 0xff, 0xff, 0xff, 0xff, 0xff, 0xff,
	0xff, 0xff, 0xff, 0x00, 0xff, 0xff, 0xff, 0x00, 0xff, 0xff, 0xff, 0x00, 0xff, 0xff, 0xff, 0x00,
	0xff, 0xff, 0xff, 0xff, 0xff, 0xff, 0xff, 0x00, 0xff, 0xff, 0xff, 0x00, 0xff, 0xff, 0xff, 0x00,
	0xff, 0xff, 0xff, 0x00, 0xff, 0xff, 0xff, 0xff, 0xff, 0xff, 0xff, 0x00, 0xff, 0xff, 0xff, 0x00,
	0xff, 0xff, 0xff, 0x00, 0xff, 0xff, 0xff, 0x00, 0xff, 0xff, 0xff, 0xff, 0xff, 0xff, 0xff, 0x00,
	0xff, 0xff, 0xff, 0x00, 0xff, 0xff, 0xff, 0x00, 0xff, 0xff, 0xff, 0x00, 0xff, 0xff, 0xff, 0x00,
	0xff, 0xff, 0xff, 0x00, 0xff, 0xff, 0xff, 0x00, 0xff, 0xff, 0xff, 0x00, 0xff, 0xff, 0xff, 0x00,
	0xff, 0xff, 0xff, 0x00, 0xff, 0xff, 0xff, 0x00, 0xff, 0xff, 0xff, 0x00, 0xff, 0xff, 0xff, 0x00,
	0xff, 0xff, 0xff, 0x00, 0xff, 0xff, 0xff, 0x00, 0x00, 0x00, 0x00, 0x00, 0xff, 0xff, 0xff, 0x00,
	0xff, 0xff, 0xff, 0x00, 0xff, 0xff, 0xff, 0xff, 0xff, 0xff, 0xff, 0x00, 0xff, 0xff, 0xff, 0x00,
	0xff, 0xff, 0xff, 0x00, 0xff, 0xff, 0xff, 0xff, 0xff, 0xff, 0xff, 0x00, 0xff, 0xff, 0xff, 0x00,
	0xff, 0xff, 0xff, 0x00, 0xff, 0xff, 0xff, 0xff, 0xff, 0xff, 0xff, 0x00, 0xff, 0xff, 0xff, 0xff,
	0xff, 0xff, 0xff, 0x00, 0xff, 0xff, 0xff, 0x00, 0xff, 0xff, 0xff, 0x00, 0xff, 0xff, 0xff, 0xff,
	0xff, 0xff, 0xff, 0x00, 0xff, 0xff, 0xff, 0xff, 0xff, 0xff, 0xff, 0x00, 0xff, 0xff, 0xff, 0x00,
	0xff, 0xff, 0xff, 0x00, 0xff, 0xff, 0xff, 0xff, 0xff, 0xff, 0xff, 0x00, 0xff, 0xff, 0xff, 0xff,
	0xff, 0xff, 0xff, 0x00, 0xff, 0xff, 0xff, 0x00, 0xff, 0xff, 0xff, 0x00, 0xff, 0xff, 0xff, 0xff,
	0xff, 0xff, 0xff, 0x00, 0xff, 0xff, 0xff, 0xff, 0xff, 0xff, 0xff, 0x00, 0xff, 0xff, 0xff, 0x00,
	0xff, 0xff, 0xff, 0x00, 0xff, 0xff, 0xff, 0xff, 0xff, 0xff, 0xff, 0x00, 0xff, 0xff, 0xff, 0x00,
	0xff, 0xff, 0xff, 0x00, 0xff, 0xff, 0xff, 0x00, 0xff, 0xff, 0xff, 0x00, 0xff, 0xff, 0xff, 0xff,
	0xff, 0xff, 0xff, 0x00, 0xff, 0xff, 0xff, 0x00, 0xff, 0xff, 0xff, 0x00, 0xff, 0xff, 0xff, 0xff,
	0xff, 0xff, 0xff, 0x00, 0xff, 0xff, 0xff, 0x00, 0xff, 0xff, 0xff, 0x00, 0xff, 0xff, 0xff, 0x00,
	0xff, 0xff, 0xff, 0x00, 0xff, 0xff, 0xff, 0xff, 0xff, 0xff, 0xff, 0x00, 0xff, 0xff, 0xff, 0x00,
	0xff, 0xff, 0xff, 0x00, 0xff, 0xff, 0xff, 0x00, 0xff, 0xff, 0xff, 0x00, 0xff, 0xff, 0xff, 0xff,
	0xff, 0xff, 0xff, 0x00, 0xff, 0xff, 0xff, 0x00, 0xff, 0xff, 0xff, 0x00, 0xff, 0xff, 0xff, 0x00,
	0xff, 0xff, 0xff, 0x00, 0xff, 0xff, 0xff, 0x00, 0xff, 0xff, 0xff, 0x00, 0xff, 0xff, 0xff, 0x00,
	0xff, 0xff, 0xff, 0x00, 0xff, 0xff, 0xff, 0x00, 0xff, 0xff, 0xff, 0x00, 0xff, 0xff, 0xff, 0x00,
	0xff, 0xff, 0xff, 0x00, 0xff, 0xff, 0xff, 0x00, 0x00, 0x00, 0x00, 0x00, 0xff, 0xff, 0xff, 0x00,
	0xff, 0xff, 0xff, 0x00, 0xff, 0xff, 0xff, 0xff, 0xff, 0xff, 0xff, 0x00, 0xff, 0xff, 0xff, 0x00,
	0xff, 0xff, 0xff, 0x00, 0xff, 0xff, 0xff, 0xff, 0xff, 0xff, 0xff, 0x00, 0xff, 0xff, 0xff, 0x00,
	0xff, 0xff, 0xff, 0x00, 0xff, 0xff, 0xff, 0xff, 0xff, 0xff, 0xff, 0x00, 0xff, 0xff, 0xff, 0xff,
	0xff, 0xff, 0xff, 0x00, 0xff, 0xff, 0xff, 0x00, 0xff, 0xff, 0xff, 0x00, 0xff, 0xff, 0xff, 0xff,
	0xff, 0xff, 0xff, 0x00, 0xff, 0xff, 0xff, 0xff, 0xff, 0xff, 0xff, 0x00, 0xff, 0xff, 0xff, 0xff,
	0xff, 0xff, 0xff, 0x00, 0xff, 0xff, 0xff, 0xff, 0xff, 0xff, 0xff, 0x00, 0xff, 0xff, 0xff, 0x00,
	0xff, 0xff, 0xff, 0xff, 0xff, 0xff, 0xff, 0x00, 0xff, 0xff, 0xff, 0xff, 0xff, 0xff, 0xff, 0x00,
	0xff, 0xff, 0xff, 0x00, 0xff, 0xff, 0xff, 0x00, 0xff, 0xff, 0xff, 0xff, 0xff, 0xff, 0xff, 0x00,
	0xff, 0xff, 0xff, 0xff, 0xff, 0xff, 0xff, 0x00, 0xff, 0xff, 0xff, 0x00, 0xff, 0xff, 0xff, 0x00,
	0xff, 0xff, 0xff, 0x00, 0xff, 0xff, 0xff, 0x00, 0xff, 0xff, 0xff, 0xff, 0xff, 0xff, 0xff, 0x00,
	0xff, 0xff, 0xff, 0x00, 0xff, 0xff, 0xff, 0x00, 0xff, 0xff, 0xff, 0x00, 0xff, 0xff, 0xff, 0xff,
	0xff, 0xff, 0xff, 0x00, 0xff, 0xff, 0xff, 0x00, 0xff, 0xff, 0xff, 0x00, 0xff, 0xff, 0xff, 0x00,
	0xff, 0xff, 0xff, 0x00, 0xff, 0xff, 0xff, 0xff, 0xff, 0xff, 0xff, 0x00, 0xff, 0xff, 0xff, 0x00,
	0xff, 0xff, 0xff, 0x00, 0xff, 0xff, 0xff, 0x00, 0xff, 0xff, 0xff, 0x00, 0xff, 0xff, 0xff, 0xff,
	0xff, 0xff, 0xff, 0x00, 0xff, 0xff, 0xff, 0x00, 0xff, 0xff, 0xff, 0x00, 0xff, 0xff, 0xff, 0x00,
	0xff, 0xff, 0xff, 0x00, 0xff, 0xff, 0xff, 0x00, 0xff, 0xff, 0xff, 0x00, 0xff, 0xff, 0xff, 0x00,
	0xff, 0xff, 0xff, 0x00, 0xff, 0xff, 0xff, 0x00, 0xff, 0xff, 0xff, 0x00, 0xff, 0xff, 0xff, 0x00,
	0xff, 0xff, 0xff, 0x00, 0xff, 0xff, 0xff, 0x00, 0x00, 0x00, 0x00, 0x00, 0xff, 0xff, 0xff, 0x00,
	0xff, 0xff, 0xff, 0x00, 0xff, 0xff, 0xff, 0xff, 0xff, 0xff, 0xff, 0x00, 0xff, 0xff, 0xff, 0x00,
	0xff, 0xff, 0xff, 0x00, 0xff, 0xff, 0xff, 0xff, 0xff, 0xff, 0xff, 0x00, 0xff, 0xff, 0xff, 0x00,
	0xff, 0xff, 0xff, 0x00, 0xff, 0xff, 0xff, 0xff, 0xff, 0xff, 0xff, 0x00, 0xff, 0xff, 0xff, 0xff,
	0xff, 0xff, 0xff, 0x00, 0xff, 0xff, 0xff, 0x00, 0xff, 0xff, 0xff, 0x00, 0xff, 0xff, 0xff, 0xff,
	0xff, 0xff, 0xff, 0x00, 0xff, 0xff, 0xff, 0xff, 0xff, 0xff, 0xff, 0x00, 0xff, 0xff, 0xff, 0xff,
	0xff, 0xff, 0xff, 0x00, 0xff, 0xff, 0xff, 0xff, 0xff, 0xff, 0xff, 0x00, 0xff, 0xff, 0xff, 0x00,
	0xff, 0xff, 0xff, 0x00, 0xff, 0xff, 0xff, 0xff, 0xff, 0xff, 0xff, 0x00, 0xff, 0xff, 0xff, 0x00,
	0xff, 0xff, 0xff, 0x00, 0xff, 0xff, 0xff, 0x00, 0xff, 0xff, 0xff, 0xff, 0xff, 0xff, 0xff, 0x00,
	0xff, 0xff, 0xff, 0xff, 0xff, 0xff, 0xff, 0x00, 0xff, 0xff, 0xff, 0x00, 0xff, 0xff, 0xff, 0x00,
	0xff, 0xff, 0xff, 0x00, 0xff, 0xff, 0xff, 0xff, 0xff, 0xff, 0xff, 0x00, 0xff, 0xff, 0xff, 0x00,
	0xff, 0xff, 0xff, 0x00, 0xff, 0xff, 0xff, 0x00, 0xff, 0xff, 0xff, 0xff, 0xff, 0xff, 0xff, 0x00,
	0xff, 0xff, 0xff, 0x00, 0xff, 0xff, 0xff, 0x00, 0xff, 0xff, 0xff, 0x00, 0xff, 0xff, 0xff, 0x00,
	0xff, 0xff, 0xff, 0x00, 0xff, 0xff, 0xff, 0xff, 0xff, 0xff, 0xff, 0x00, 0xff, 0xff, 0xff, 0x00,
	0xff, 0xff, 0xff, 0x00, 0xff, 0xff, 0xff, 0x00, 0xff, 0xff, 0xff, 0x00, 0xff, 0xff, 0xff, 0x00,
	0xff, 0xff, 0xff, 0xff, 0xff, 0xff, 0xff, 0x00, 0xff, 0xff, 0xff, 0x00, 0xff, 0xff, 0xff, 0x00,
	0xff, 0xff, 0xff, 0xff, 0xff, 0xff, 0xff, 0x00, 0xff, 0xff, 0xff, 0x00, 0xff, 0xff, 0xff, 0xff,
	0xff, 0xff, 0xff, 0x00, 0xff, 0xff, 0xff, 0x00, 0xff, 0xff, 0xff, 0x00, 0xff, 0xff, 0xff, 0x00,
	0xff, 0xff, 0xff, 0x00, 0xff, 0xff, 0xff, 0x00, 0x00, 0x00, 0x00, 0x00, 0xff, 0xff, 0xff, 0x00,
	0xff, 0xff, 0xff, 0x00, 0xff, 0xff, 0xff, 0xff, 0xff, 0xff, 0xff, 0x00, 0xff, 0xff, 0xff, 0x00,
	0xff, 0xff, 0xff, 0x00, 0xff, 0xff, 0xff, 0xff, 0xff, 0xff, 0xff, 0x00, 0xff, 0xff, 0xff, 0x00,
	0xff, 0xff, 0xff, 0x00, 0xff, 0xff, 0xff, 0xff, 0xff, 0xff, 0xff, 0x00, 0xff, 0xff, 0xff, 0x00,
	0xff, 0xff, 0xff, 0xff, 0xff, 0xff, 0xff, 0x00, 0xff, 0xff, 0xff, 0xff, 0xff, 0xff, 0xff, 0x00,
	0xff, 0xff, 0xff, 0x00, 0xff, 0xff, 0xff, 0xff, 0xff, 0xff, 0xff, 0x00, 0xff, 0xff, 0xff, 0xff,
	0xff, 0xff, 0xff, 0x00, 0xff, 0xff, 0xff, 0xff, 0xff, 0xff, 0xff, 0x00, 0xff, 0xff, 0xff, 0x00,
	0xff, 0xff, 0xff, 0xff, 0xff, 0xff, 0xff, 0x00, 0xff, 0xff, 0xff, 0xff, 0xff, 0xff, 0xff, 0x00,
	0xff, 0xff, 0xff, 0x00, 0xff, 0xff, 0xff, 0x00, 0xff, 0xff, 0xff, 0x00, 0xff, 0xff, 0xff, 0xff,
	0xff, 0xff, 0xff, 0x00, 0xff, 0xff, 0xff, 0x00, 0xff, 0xff, 0xff, 0x00, 0xff, 0xff, 0xff, 0x00,
	0xff, 0xff, 0xff, 0xff, 0xff, 0xff, 0xff, 0x00, 0xff, 0xff, 0xff, 0x00, 0xff, 0xff, 0xff, 0x00,
	0xff, 0xff, 0xff, 0x00, 0xff, 0xff, 0xff, 0x00, 0xff, 0xff, 0xff, 0x00, 0xff, 0xff, 0xff, 0xff,
	0xff, 0xff, 0xff, 0x00, 0xff, 0xff, 0xff, 0x00, 0xff, 0xff, 0xff, 0x00, 0xff, 0xff, 0xff, 0x00,
	0xff, 0xff, 0xff, 0x00, 0xff, 0xff, 0xff, 0xff, 0xff, 0xff, 0xff, 0x00, 0xff, 0xff, 0xff, 0x00,
	0xff, 0xff, 0xff, 0x00, 0xff, 0xff, 0xff, 0x00, 0xff, 0xff, 0xff, 0x00, 0xff, 0xff, 0xff, 0xff,
	0xff, 0xff, 0xff, 0x00, 0xff, 0xff, 0xff, 0x00, 0xff, 0xff, 0xff, 0x00, 0xff, 0xff, 0xff, 0xff,
	0xff, 0xff, 0xff, 0x00, 0xff, 0xff, 0xff, 0xff, 0xff, 0xff, 0xff, 0xff, 0xff, 0xff, 0xff, 0x00,
	0xff, 0xff, 0xff, 0x00, 0xff, 0xff, 0xff, 0x00, 0xff, 0xff, 0xff, 0x00, 0xff, 0xff, 0xff, 0x00,
	0xff, 0xff, 0xff, 0x00, 0xff, 0xff, 0xff, 0x00, 0x00, 0x00, 0x00, 0x00, 0xff, 0xff, 0xff, 0x00,
	0xff, 0xff, 0xff, 0x00, 0xff, 0xff, 0xff, 0xff, 0xff, 0xff, 0xff, 0x00, 0xff, 0xff, 0xff, 0x00,
	0xff, 0xff, 0xff, 0x00, 0xff, 0xff, 0xff, 0xff, 0xff, 0xff, 0xff, 0x00, 0xff, 0xff, 0xff, 0x00,
	0xff, 0xff, 0xff, 0x00, 0xff, 0xff, 0xff, 0xff, 0xff, 0xff, 0xff, 0x00, 0xff, 0xff, 0xff, 0x00,
	0xff, 0xff, 0xff, 0xff, 0xff, 0xff, 0xff, 0x00, 0xff, 0xff, 0xff, 0xff, 0xff, 0xff, 0xff, 0x00,
	0xff, 0xff, 0xff, 0x00, 0xff, 0xff, 0xff, 0x00, 0xff, 0xff, 0xff, 0xff, 0xff, 0xff, 0xff, 0x00,
	0xff, 0xff, 0xff, 0xff, 0xff, 0xff, 0xff, 0x00, 0xff, 0xff, 0xff, 0x00, 0xff, 0xff, 0xff, 0xff,
	0xff, 0xff, 0xff, 0x00, 0xff, 0xff, 0xff, 0x00, 0xff, 0xff, 0xff, 0x00, 0xff, 0xff, 0xff, 0xff,
	0xff, 0xff, 0xff, 0x00, 0xff, 0xff, 0xff, 0x00, 0xff, 0xff, 0xff, 0x00, 0xff, 0xff, 0xff, 0xff,
	0xff, 0xff, 0xff, 0x00, 0xff, 0xff, 0xff, 0x00, 0xff, 0xff, 0xff, 0x00, 0xff, 0xff, 0xff, 0xff,
	0xff, 0xff, 0xff, 0x00, 0xff, 0xff, 0xff, 0x00, 0xff, 0xff, 0xff, 0x00, 0xff, 0xff, 0xff, 0x00,
	0xff, 0xff, 0xff, 0x00, 0xff, 0xff, 0xff, 0x00, 0xff, 0xff, 0xff, 0x00, 0xff, 0xff, 0xff, 0xff,
	0xff, 0xff, 0xff, 0x00, 0xff, 0xff, 0xff, 0x00, 0xff, 0xff, 0xff, 0x00, 0xff, 0xff, 0xff, 0x00,
	0xff, 0xff, 0xff, 0x00, 0xff, 0xff, 0xff, 0xff, 0xff, 0xff, 0xff, 0x00, 0xff, 0xff, 0xff, 0x00,
	0xff, 0xff, 0xff, 0x00, 0xff, 0xff, 0xff, 0x00, 0xff, 0xff, 0xff, 0x00, 0xff, 0xff, 0xff, 0xff,
	0xff, 0xff, 0xff, 0x00, 0xff, 0xff, 0xff, 0x00, 0xff, 0xff, 0xff, 0x00, 0xff, 0xff, 0xff, 0x00,
	0xff, 0xff, 0xff, 0x00, 0xff, 0xff, 0xff, 0x00, 0xff, 0xff, 0xff, 0x00, 0xff, 0xff, 0xff, 0x00,
	0xff, 0xff, 0xff, 0x00, 0xff, 0xff, 0xff, 0x00, 0xff, 0xff, 0xff, 0x00, 0xff, 0xff, 0xff, 0x00,
	0xff, 0xff, 0xff, 0x00, 0xff, 0xff, 0xff, 0x00, 0x00, 0x00, 0x00, 0x00, 0xff, 0xff, 0xff, 0x00,
	0xff, 0xff, 0xff, 0x00, 0xff, 0xff, 0xff, 0xff, 0xff, 0xff, 0xff, 0x00, 0xff, 0xff, 0xff, 0x00,
	0xff, 0xff, 0xff, 0x00, 0xff, 0xff, 0xff, 0x00, 0xff, 0xff, 0xff, 0xff, 0xff, 0xff, 0xff, 0xff,
	0xff, 0xff, 0xff, 0xff, 0xff, 0xff, 0xff, 0x00, 0xff, 0xff, 0xff, 0x00, 0xff, 0xff, 0xff, 0x00,
	0xff, 0xff, 0xff, 0x00, 0xff, 0xff, 0xff, 0xff, 0xff, 0xff, 0xff, 0x00, 0xff, 0xff, 0xff, 0x00,
	0xff, 0xff, 0xff, 0x00, 0xff, 0xff, 0xff, 0x00, 0xff, 0xff, 0xff, 0xff, 0xff, 0xff, 0xff, 0x00,
	0xff, 0xff, 0xff, 0xff, 0xff, 0xff, 0xff, 0x00, 0xff, 0xff, 0xff, 0x00, 0xff, 0xff, 0xff, 0xff,
	0xff, 0xff, 0xff, 0x00, 0xff, 0xff, 0xff, 0x00, 0xff, 0xff, 0xff, 0x00, 0xff, 0xff, 0xff, 0xff,
	0xff, 0xff, 0xff, 0x00, 0xff, 0xff, 0xff, 0x00, 0xff, 0xff, 0xff, 0x00, 0xff, 0xff, 0xff, 0xff,
	0xff, 0xff, 0xff, 0x00, 0xff, 0xff, 0xff, 0x00, 0xff, 0xff, 0xff, 0x00, 0xff, 0xff, 0xff, 0xff,
	0xff, 0xff, 0xff, 0xff, 0xff, 0xff, 0xff, 0xff, 0xff, 0xff, 0xff, 0xff, 0xff, 0xff, 0xff, 0xff,
	0xff, 0xff, 0xff, 0x00, 0xff, 0xff, 0xff, 0x00, 0xff, 0xff, 0xff, 0x00, 0xff, 0xff, 0xff, 0x00,
	0xff, 0xff, 0xff, 0xff, 0xff, 0xff, 0xff, 0x00, 0xff, 0xff, 0xff, 0x00, 0xff, 0xff, 0xff, 0x00,
	0xff, 0xff, 0xff, 0x00, 0xff, 0xff, 0xff, 0xff, 0xff, 0xff, 0xff, 0x00, 0xff, 0xff, 0xff, 0x00,
	0xff, 0xff, 0xff, 0x00, 0xff, 0xff, 0xff, 0x00, 0xff, 0xff, 0xff, 0xff, 0xff, 0xff, 0xff, 0x00,
	0xff, 0xff, 0xff, 0x00, 0xff, 0xff, 0xff, 0x00, 0xff, 0xff, 0xff, 0x00, 0xff, 0xff, 0xff, 0x00,
	0xff, 0xff, 0xff, 0x00, 0xff, 0xff, 0xff, 0x00, 0xff, 0xff, 0xff, 0x00, 0xff, 0xff, 0xff, 0x00,
	0xff, 0xff, 0xff, 0x00, 0xff, 0xff, 0xff, 0x00, 0xff, 0xff, 0xff, 0x00, 0xff, 0xff, 0xff, 0x00,
	0xff, 0xff, 0xff, 0x00, 0xff, 0xff, 0xff, 0x00, 0x00, 0x00, 0x00, 0x00, 0x00, 0x00, 0x00, 0x00,
	0x00, 0x00, 0x00, 0x00, 0x00, 0x00, 0x00, 0x00, 0x00, 0x00, 0x00, 0x00, 0x00, 0x00, 0x00, 0x00,
	0x00, 0x00, 0x00, 0x00, 0x00, 0x00, 0x00, 0x00, 0x00, 0x00, 0x00, 0x00, 0x00, 0x00, 0x00, 0x00,
	0x00, 0x00, 0x00, 0x00, 0x00, 0x00, 0x00, 0x00, 0x00, 0x00, 0x00, 0x00, 0x00, 0x00, 0x00, 0x00,
	0x00, 0x00, 0x00, 0x00, 0x00, 0x00, 0x00, 0x00, 0x00, 0x00, 0x00, 0x00, 0x00, 0x00, 0x00, 0x00,
	0x00, 0x00, 0x00, 0x00, 0x00, 0x00, 0x00, 0x00, 0x00, 0x00, 0x00, 0x00, 0x00, 0x00, 0x00, 0x00,
	0x00, 0x00, 0x00, 0x00, 0x00, 0x00, 0x00, 0x00, 0x00, 0x00, 0x00, 0x00, 0x00, 0x00, 0x00, 0x00,
	0x00, 0x00, 0x00, 0x00, 0x00, 0x00, 0x00, 0x00, 0x00, 0x00, 0x00, 0x00, 0x00, 0x00, 0x00, 0x00,
	0x00, 0x00, 0x00, 0x00, 0x00, 0x00, 0x00, 0x00, 0x00, 0x00, 0x00, 0x00, 0x00, 0x00, 0x00, 0x00,
	0x00, 0x00, 0x00, 0x00, 0x00, 0x00, 0x00, 0x00, 0x00, 0x00, 0x00, 0x00, 0x00, 0x00, 0x00, 0x00,
	0x00, 0x00, 0x00, 0x00, 0x00, 0x00, 0x00, 0x00, 0x00, 0x00, 0x00, 0x00, 0x00, 0x00, 0x00, 0x00,
	0x00, 0x00, 0x00, 0x00, 0x00, 0x00, 0x00, 0x00, 0x00, 0x00, 0x00, 0x00, 0x00, 0x00, 0x00, 0x00,
	0x00, 0x00, 0x00, 0x00, 0x00, 0x00, 0x00, 0x00, 0x00, 0x00, 0x00, 0x00, 0x00, 0x00, 0x00, 0x00,
	0x00, 0x00, 0x00, 0x00, 0x00, 0x00, 0x00, 0x00, 0x00, 0x00, 0x00, 0x00, 0x00, 0x00, 0x00, 0x00,
	0x00, 0x00, 0x00, 0x00, 0x00, 0x00, 0x00, 0x00, 0x00, 0x00, 0x00, 0x00, 0x00, 0x00, 0x00, 0x00,
	0x00, 0x00, 0x00, 0x00, 0x00, 0x00, 0x00, 0x00, 0x00, 0x00, 0x00, 0x00, 0x00, 0x00, 0x00, 0x00,
	0x00, 0x00, 0x00, 0x00, 0x00, 0x00, 0x00, 0x00, 0x00, 0x00, 0x00, 0x00, 0x00, 0x00, 0x00, 0x00,
	0x00, 0x00, 0x00, 0x00, 0x00, 0x00, 0x00, 0x00, 0x00, 0x00, 0x00, 0x00, 0x00, 0x00, 0x00, 0x00,
	0x00, 0x00, 0x00, 0x00, 0x00, 0x00, 0x00, 0x00, 0x00, 0x00, 0x00, 0x00,
};
